,PERSON_ID,DISPLAY_FIRST_LAST,Q1_FGA,Q4_FGA,Q1_FG_PCT,Q4_FG_PCT,CD_2ft_FGA,CD_4ft_FGA,CD_6ft_FGA,CD_open_FGA,CD_2ft_FG_PCT,CD_4ft_FG_PCT,CD_6ft_FG_PCT,CD_open_FG_PCT
0,203518,Alex Abrines,1.7,1.8,0.44,0.375,0.4,1.16,2.15,1.31,0.444,0.38,0.397,0.382
1,203112,Quincy Acy,1.8,1.5,0.395,0.479,0.05,0.13,0.16,0.21,0.5,0.6,0.5,0.125
2,203500,Steven Adams,3.2,1.1,0.569,0.556,2.63,4.1,1.1,0.34,0.495,0.591,0.636,0.741
3,201167,Arron Afflalo,2.4,1.4,0.441,0.379,0.77,2.79,2.43,0.85,0.447,0.435,0.419,0.519
4,201582,Alexis Ajinca,1.8,1.1,0.453,0.464,0.77,1.74,1.03,1.0,0.4,0.574,0.55,0.41
5,202332,Cole Aldrich,0.5,0.6,0.462,0.381,0.37,0.81,0.18,0.03,0.391,0.52,0.727,1.0
6,200746,LaMarcus Aldridge,4.6,3.2,0.465,0.454,2.39,4.76,3.82,3.59,0.518,0.512,0.446,0.439
7,202730,Lavoy Allen,1.1,0.6,0.491,0.516,0.58,0.9,0.6,0.72,0.371,0.574,0.472,0.372
8,2754,Tony Allen,2.3,1.7,0.454,0.475,3.0,3.34,1.08,0.96,0.423,0.523,0.416,0.412
9,202329,Al-Farouq Aminu,1.7,1.9,0.443,0.369,1.67,1.9,1.33,2.72,0.353,0.509,0.395,0.337
10,2365,Chris Andersen,0.6,1.5,0.0,0.375,0.25,0.83,0.17,0.5,0.667,0.4,0.5,0.167
11,101187,Alan Anderson,0.5,1.6,0.556,0.375,0.27,1.4,0.63,0.37,0.375,0.429,0.368,0.182
12,1626147,Justin Anderson,1.7,2.5,0.366,0.439,0.92,1.68,1.64,1.66,0.5,0.5,0.38,0.366
13,203937,Kyle Anderson,1.0,1.4,0.275,0.477,0.72,0.89,0.69,0.62,0.529,0.476,0.367,0.364
14,201583,Ryan Anderson,3.7,2.0,0.453,0.411,1.24,1.51,3.68,4.31,0.438,0.45,0.411,0.406
15,203507,Giannis Antetokounmpo,4.5,3.5,0.548,0.517,3.56,6.18,3.48,2.36,0.596,0.575,0.435,0.423
16,2546,Carmelo Anthony,5.7,3.6,0.476,0.391,2.55,8.85,5.49,1.88,0.423,0.44,0.414,0.475
17,201202,Joel Anthony,0.3,0.8,0.0,0.615,0.21,0.42,0.16,0.05,0.25,0.625,1.0,1.0
18,2772,Trevor Ariza,3.4,1.9,0.426,0.378,0.81,2.35,3.46,3.25,0.431,0.388,0.422,0.396
19,201589,Darrell Arthur,1.4,1.6,0.574,0.383,0.24,1.24,1.71,1.85,0.3,0.392,0.514,0.421
20,201600,Omer Asik,1.1,0.3,0.576,0.667,0.74,1.0,0.26,0.06,0.348,0.452,0.75,1.0
21,201571,D.J. Augustin,1.4,2.2,0.385,0.37,0.87,2.13,2.44,1.08,0.368,0.343,0.4,0.405
22,202337,Luke Babbitt,1.9,0.7,0.426,0.4,0.24,0.47,1.6,1.81,0.188,0.375,0.385,0.455
23,1627758,Ron Baker,1.6,1.7,0.478,0.364,0.77,1.37,1.13,0.9,0.4,0.38,0.322,0.426
24,1627735,Wade Baldwin IV,1.4,1.4,0.458,0.295,0.7,1.42,0.58,0.76,0.391,0.34,0.316,0.2
25,2571,Leandro Barbosa,1.2,2.6,0.519,0.471,1.28,1.91,1.51,1.14,0.458,0.476,0.408,0.419
26,200826,J.J. Barea,2.5,2.9,0.427,0.474,0.85,3.53,3.76,1.71,0.414,0.408,0.422,0.448
27,203084,Harrison Barnes,4.4,3.6,0.477,0.442,2.38,6.33,4.67,2.78,0.532,0.47,0.437,0.456
28,2440,Matt Barnes,1.4,1.9,0.415,0.384,0.73,1.49,2.08,2.09,0.352,0.409,0.422,0.361
29,203115,Will Barton,2.5,2.9,0.36,0.426,2.25,4.07,3.58,0.97,0.459,0.442,0.441,0.386
30,101138,Brandon Bass,1.1,2.0,0.393,0.579,0.92,1.54,0.83,0.27,0.542,0.575,0.605,0.643
31,201587,Nicolas Batum,3.7,2.6,0.43,0.318,1.73,5.27,3.56,2.08,0.383,0.404,0.416,0.4
32,201573,Jerryd Bayless,1.7,2.3,0.4,0.143,1.67,4.33,3.33,1.33,0.2,0.308,0.3,0.75
33,203382,Aron Baynes,0.8,1.2,0.51,0.512,1.05,1.61,0.53,0.51,0.405,0.545,0.625,0.526
34,203145,Kent Bazemore,2.4,2.3,0.427,0.371,1.33,2.89,2.77,2.89,0.289,0.427,0.416,0.441
35,203078,Bradley Beal,4.8,4.4,0.542,0.481,2.22,5.38,5.62,3.79,0.439,0.502,0.478,0.49
36,1627736,Malik Beasley,3.3,2.1,0.5,0.439,0.71,1.24,0.62,0.81,0.6,0.385,0.462,0.353
37,201563,Michael Beasley,2.6,2.6,0.505,0.522,1.04,3.79,1.54,0.79,0.672,0.538,0.395,0.568
38,201158,Marco Belinelli,1.4,3.1,0.4,0.415,0.59,3.19,3.08,1.42,0.5,0.394,0.469,0.39
39,1627761,DeAndre' Bembry,0.5,1.8,0.714,0.45,0.47,1.29,0.45,0.37,0.611,0.429,0.471,0.5
40,1627733,Dragan Bender,1.1,1.1,0.444,0.359,0.39,0.68,1.02,1.63,0.563,0.5,0.238,0.313
41,203461,Anthony Bennett,2.1,2.2,0.368,0.488,0.59,1.0,0.82,1.41,0.385,0.636,0.389,0.323
42,1627791,Ben Bentil,,,,,,,,,,,,
43,202722,Davis Bertans,1.3,1.8,0.5,0.394,0.18,0.59,1.41,1.35,0.333,0.436,0.462,0.438
44,201976,Patrick Beverley,1.6,2.6,0.463,0.413,0.88,2.36,3.1,1.7,0.373,0.456,0.38,0.474
45,202687,Bismack Biyombo,1.0,1.0,0.458,0.533,1.05,2.16,0.6,0.25,0.588,0.497,0.571,0.45
46,202357,Nemanja Bjelica,0.8,2.0,0.467,0.416,1.05,1.31,1.31,1.8,0.456,0.518,0.388,0.368
47,204028,Tarik Black,1.0,1.3,0.484,0.566,1.81,1.79,0.54,0.24,0.438,0.575,0.611,0.375
48,202339,Eric Bledsoe,4.1,4.0,0.431,0.437,2.3,5.67,5.17,2.64,0.524,0.446,0.423,0.373
49,202711,Bojan Bogdanovic,2.6,2.7,0.42,0.425,2.04,3.23,3.11,2.03,0.485,0.488,0.398,0.426
50,101106,Andrew Bogut,1.1,0.4,0.452,0.143,,,,,,,,
51,1627762,Joel Bolomboy,0.0,1.2,0.0,0.538,0.33,0.5,0.08,0.42,0.75,0.667,0.0,0.4
52,1626164,Devin Booker,5.2,4.6,0.394,0.429,3.08,7.79,5.36,2.0,0.385,0.41,0.425,0.474
53,202344,Trevor Booker,2.5,1.9,0.517,0.584,2.63,3.03,1.46,1.23,0.549,0.528,0.48,0.453
54,2547,Chris Bosh,,,,,,,,,,,,
55,202340,Avery Bradley,4.4,3.1,0.485,0.476,2.31,5.09,4.31,2.38,0.465,0.443,0.494,0.443
56,201147,Corey Brewer,0.8,1.9,0.352,0.422,0.91,1.39,0.95,0.96,0.387,0.465,0.513,0.316
57,1627763,Malcolm Brogdon,2.0,2.6,0.431,0.519,1.64,3.15,1.43,2.21,0.496,0.445,0.411,0.482
58,201166,Aaron Brooks,0.9,1.5,0.457,0.354,0.89,1.8,1.45,0.39,0.368,0.409,0.398,0.4
59,1626148,Anthony Brown,1.0,2.3,0.5,0.478,0.18,1.0,2.09,1.27,0.0,0.273,0.348,0.5
60,201628,Bobby Brown,2.5,1.8,0.6,0.357,0.2,0.56,0.76,0.84,0.6,0.357,0.474,0.286
61,1627759,Jaylen Brown,1.3,2.0,0.438,0.487,1.23,1.65,1.46,1.08,0.469,0.558,0.377,0.381
62,1627852,Nicolas Brussino,1.0,1.8,0.25,0.388,0.15,0.48,1.15,0.81,0.75,0.423,0.29,0.386
63,203493,Reggie Bullock,1.5,1.8,0.313,0.396,0.42,1.23,1.55,0.94,0.538,0.421,0.438,0.345
64,203504,Trey Burke,1.1,1.9,0.378,0.455,0.54,1.6,1.68,0.63,0.355,0.396,0.51,0.556
65,202692,Alec Burks,1.7,1.7,0.404,0.429,1.64,1.71,1.43,1.12,0.435,0.347,0.433,0.383
66,202710,Jimmy Butler,4.8,4.4,0.473,0.416,3.36,7.2,4.29,1.61,0.471,0.448,0.42,0.549
67,203998,Bruno Caboclo,,,,,0.5,0.63,0.75,0.13,0.0,0.2,0.833,0.0
68,101181,Jose Calderon,1.7,1.4,0.342,0.436,0.29,0.8,1.29,0.85,0.333,0.455,0.377,0.429
69,203484,Kentavious Caldwell-Pope,4.0,3.0,0.434,0.382,1.61,4.12,4.2,2.25,0.418,0.345,0.436,0.415
70,203477,Isaiah Canaan,1.1,1.9,0.52,0.273,0.36,1.41,1.38,1.26,0.5,0.4,0.278,0.388
71,203991,Clint Capela,2.9,1.7,0.661,0.564,2.95,4.37,0.88,0.4,0.557,0.655,0.842,0.769
72,201960,DeMarre Carroll,2.9,1.7,0.391,0.379,0.86,2.44,2.68,1.61,0.443,0.405,0.384,0.377
73,1713,Vince Carter,1.8,1.6,0.433,0.352,0.73,1.99,2.75,1.25,0.34,0.352,0.388,0.505
74,203487,Michael Carter-Williams,2.5,2.2,0.299,0.417,1.64,2.6,1.42,1.09,0.419,0.359,0.359,0.286
75,201956,Omri Casspi,1.0,1.2,0.517,0.529,1.22,1.53,0.89,0.92,0.455,0.418,0.438,0.606
76,1626161,Willie Cauley-Stein,2.0,2.4,0.453,0.548,1.51,2.93,1.35,0.59,0.504,0.55,0.505,0.568
77,2199,Tyson Chandler,1.5,0.8,0.708,0.677,1.62,2.22,0.6,0.27,0.644,0.65,0.852,0.75
78,201163,Wilson Chandler,3.7,3.2,0.465,0.422,2.3,5.57,3.8,1.33,0.559,0.451,0.44,0.344
79,1627737,Marquese Chriss,2.8,2.1,0.43,0.466,1.45,2.0,1.48,2.78,0.509,0.488,0.492,0.36
80,1626176,Rakeem Christmas,0.7,0.7,0.375,0.333,0.48,0.72,0.21,0.03,0.286,0.571,0.5,0.0
81,203902,Semaj Christon,0.9,1.4,0.3,0.393,0.66,1.53,0.8,0.48,0.333,0.378,0.353,0.258
82,203546,Ian Clark,1.2,2.9,0.554,0.486,0.75,1.99,1.3,1.6,0.466,0.556,0.48,0.423
83,203903,Jordan Clarkson,3.0,3.5,0.417,0.479,2.44,5.15,3.91,1.52,0.475,0.45,0.411,0.472
84,202708,Norris Cole,1.0,2.8,0.5,0.265,0.85,1.31,1.46,0.23,0.455,0.235,0.316,0.333
85,201954,Darren Collison,3.3,2.5,0.46,0.447,1.46,3.5,3.6,1.91,0.384,0.483,0.506,0.485
86,2555,Nick Collison,0.1,1.2,1.0,0.615,0.25,0.45,0.3,0.15,0.8,0.556,0.667,0.333
87,201144,Mike Conley,3.9,4.3,0.487,0.432,1.86,4.64,5.68,2.42,0.414,0.459,0.459,0.503
88,1626192,Pat Connaughton,0.8,0.9,0.615,0.545,0.28,0.41,0.51,0.62,0.636,0.5,0.6,0.375
89,1626188,Quinn Cook,1.4,2.5,0.385,0.567,0.29,1.5,1.71,1.07,0.25,0.476,0.5,0.6
90,202326,DeMarcus Cousins,6.0,5.1,0.491,0.451,4.93,6.79,4.9,3.22,0.476,0.474,0.411,0.431
91,203496,Robert Covington,2.7,2.4,0.402,0.373,1.48,3.82,3.9,1.79,0.414,0.402,0.368,0.45
92,203459,Allen Crabbe,1.8,2.0,0.438,0.452,1.11,2.57,2.49,1.91,0.432,0.468,0.442,0.53
93,2037,Jamal Crawford,1.6,3.5,0.315,0.437,1.52,4.9,3.24,0.91,0.344,0.43,0.44,0.347
94,202348,Jordan Crawford,1.4,4.8,0.389,0.533,0.95,3.53,4.89,2.11,0.389,0.552,0.409,0.575
95,203109,Jae Crowder,3.3,1.7,0.477,0.442,1.01,3.04,3.4,2.54,0.589,0.47,0.42,0.459
96,201967,Dante Cunningham,1.7,1.3,0.398,0.466,0.56,1.35,1.77,1.74,0.541,0.596,0.385,0.487
97,203552,Seth Curry,2.6,2.3,0.5,0.549,0.84,3.83,3.67,1.75,0.431,0.458,0.494,0.521
98,201939,Stephen Curry,5.9,3.6,0.48,0.447,2.18,5.61,6.95,3.7,0.477,0.44,0.472,0.49
99,203584,Troy Daniels,2.0,3.2,0.308,0.367,0.52,2.81,2.61,1.43,0.343,0.314,0.4,0.448
100,203076,Anthony Davis,6.4,4.7,0.506,0.48,4.73,8.0,4.84,2.73,0.493,0.542,0.466,0.483
101,1627738,Deyonta Davis,0.4,0.7,0.5,0.421,0.25,0.61,0.25,0.19,0.333,0.682,0.333,0.429
102,202334,Ed Davis,1.2,0.7,0.56,0.444,1.46,1.3,0.26,0.07,0.493,0.55,0.667,0.333
103,201942,DeMar DeRozan,6.4,4.4,0.468,0.49,4.58,10.89,4.6,0.74,0.473,0.483,0.458,0.352
104,203473,Dewayne Dedmon,1.1,1.1,0.636,0.588,1.32,1.43,0.45,0.24,0.556,0.645,0.706,0.667
105,1626155,Sam Dekker,1.1,1.8,0.488,0.443,0.79,1.86,1.35,1.56,0.574,0.524,0.423,0.408
106,1627098,Malcolm Delaney,1.3,1.8,0.371,0.393,0.62,1.84,1.99,0.86,0.244,0.351,0.441,0.365
107,203521,Matthew Dellavedova,1.5,1.9,0.381,0.41,0.82,2.37,2.0,1.83,0.355,0.444,0.322,0.403
108,2736,Luol Deng,2.5,1.5,0.429,0.383,1.21,2.57,2.5,1.25,0.426,0.465,0.329,0.314
109,1627767,Cheick Diallo,0.3,3.3,1.0,0.388,0.65,1.88,1.47,0.47,0.636,0.5,0.36,0.5
110,2564,Boris Diaw,1.5,1.1,0.407,0.491,1.04,1.18,0.85,1.41,0.5,0.547,0.516,0.282
111,203476,Gorgui Dieng,2.7,1.3,0.525,0.442,1.22,2.5,2.38,1.95,0.48,0.522,0.482,0.519
112,203915,Spencer Dinwiddie,1.3,1.7,0.378,0.495,0.97,1.84,1.52,0.74,0.357,0.421,0.5,0.488
113,201962,Toney Douglas,1.2,2.0,0.238,0.477,0.67,1.25,1.54,1.42,0.25,0.333,0.405,0.412
114,201609,Goran Dragic,4.3,3.9,0.489,0.465,2.89,5.89,5.04,1.52,0.488,0.449,0.492,0.523
115,203083,Andre Drummond,4.2,2.1,0.476,0.612,3.51,5.94,1.37,0.32,0.507,0.509,0.631,0.808
116,201162,Jared Dudley,1.1,1.5,0.462,0.463,0.5,1.13,1.81,1.95,0.563,0.556,0.371,0.44
117,2399,Mike Dunleavy,0.8,1.5,0.429,0.457,0.28,1.32,1.21,1.34,0.4,0.386,0.422,0.465
118,1627739,Kris Dunn,0.7,1.2,0.404,0.318,0.59,1.4,1.05,0.97,0.435,0.394,0.354,0.342
119,201142,Kevin Durant,4.7,3.4,0.548,0.508,2.58,7.74,4.5,1.82,0.556,0.523,0.541,0.558
120,204067,Jarell Eddie,1.5,2.0,0.0,0.25,,,,,,,,
121,1627740,Henry Ellenson,2.7,2.1,0.375,0.371,0.37,0.79,0.95,1.26,0.571,0.333,0.111,0.5
122,201961,Wayne Ellington,1.6,3.0,0.463,0.393,0.4,2.97,3.71,1.81,0.44,0.38,0.387,0.536
123,101145,Monta Ellis,1.6,2.3,0.439,0.469,1.21,2.89,2.18,1.21,0.511,0.436,0.459,0.364
124,203954,Joel Embiid,3.7,3.5,0.491,0.477,3.23,4.81,3.32,2.48,0.52,0.423,0.524,0.403
125,203898,Tyler Ennis,1.1,2.0,0.5,0.368,0.77,1.36,1.23,0.55,0.439,0.458,0.4,0.414
126,203516,James Ennis III,1.4,1.3,0.417,0.4,0.69,1.47,1.25,1.59,0.318,0.511,0.4,0.51
127,201936,Tyreke Evans,1.8,4.0,0.365,0.42,2.18,2.8,2.95,1.28,0.414,0.42,0.407,0.373
128,203957,Dante Exum,1.6,1.4,0.411,0.407,1.41,1.26,1.36,1.47,0.473,0.53,0.367,0.351
129,203105,Festus Ezeli,,,,,,,,,,,,
130,202702,Kenneth Faried,2.3,1.6,0.515,0.541,2.02,3.45,0.73,0.4,0.496,0.556,0.591,0.458
131,200770,Jordan Farmar,0.5,3.5,0.0,0.429,1.0,1.5,1.5,2.0,0.0,0.333,0.667,0.25
132,202324,Derrick Favors,2.8,1.6,0.514,0.507,2.38,2.58,1.96,1.38,0.513,0.512,0.408,0.507
133,1627770,Kay Felder,1.2,2.5,0.15,0.49,0.79,1.24,1.26,0.48,0.303,0.481,0.34,0.45
134,1626245,Cristiano Felicio,0.3,1.5,0.643,0.56,1.24,1.2,0.48,0.41,0.573,0.595,0.531,0.593
135,101109,Raymond Felton,1.2,2.0,0.38,0.408,0.88,2.35,2.08,1.1,0.4,0.463,0.398,0.443
136,1627812,Yogi Ferrell,2.3,2.3,0.382,0.355,1.15,2.17,3.15,2.07,0.434,0.41,0.359,0.463
137,1627827,Dorian Finney-Smith,1.4,1.1,0.371,0.386,0.61,0.91,1.3,1.3,0.469,0.411,0.337,0.346
138,1627854,Bryn Forbes,1.1,1.5,0.333,0.275,0.06,0.66,1.49,0.57,0.5,0.348,0.327,0.45
139,203095,Evan Fournier,4.3,2.9,0.434,0.424,2.01,4.94,4.07,2.26,0.401,0.476,0.408,0.442
140,200751,Randy Foye,1.3,1.6,0.385,0.31,0.72,1.0,1.84,1.19,0.327,0.382,0.392,0.321
141,204025,Tim Frazier,2.0,1.6,0.426,0.36,1.26,1.69,1.69,1.54,0.439,0.418,0.418,0.34
142,101112,Channing Frye,1.6,2.2,0.449,0.518,0.65,1.28,2.16,2.95,0.458,0.505,0.4,0.477
143,201568,Danilo Gallinari,4.0,2.5,0.5,0.378,1.48,3.71,4.44,2.08,0.543,0.417,0.429,0.457
144,204038,Langston Galloway,1.0,2.8,0.304,0.437,0.3,1.89,3.59,1.55,0.227,0.3,0.406,0.452
145,1627868,Patricio Garino,,,,,,,,,,,,
146,201188,Marc Gasol,4.9,3.2,0.449,0.457,1.8,5.14,4.16,4.58,0.496,0.487,0.471,0.401
147,2200,Pau Gasol,2.8,1.7,0.511,0.518,1.84,2.98,2.1,2.59,0.509,0.505,0.515,0.491
148,200752,Rudy Gay,4.4,3.7,0.443,0.456,2.97,6.27,2.93,2.57,0.506,0.441,0.466,0.416
149,1627771,Michael Gbinije,,,,,,,,,,,,
150,202087,Alonzo Gee,0.3,0.6,0.5,0.286,0.31,0.31,0.15,0.23,0.25,0.25,0.0,0.333
151,202331,Paul George,5.2,4.2,0.499,0.447,2.23,6.91,6.46,2.36,0.497,0.472,0.444,0.48
152,1627875,Marcus Georges-Hunt,0.0,1.4,0.0,0.286,0.2,0.8,0.2,0.2,0.0,0.25,1.0,0.0
153,1626780,Jonathan Gibson,2.2,2.2,0.35,0.351,0.65,2.0,2.06,0.88,0.455,0.235,0.343,0.667
154,201959,Taj Gibson,3.3,1.5,0.531,0.432,3.01,3.68,1.86,0.49,0.545,0.512,0.503,0.447
155,1938,Manu Ginobili,1.9,1.0,0.354,0.386,0.85,1.84,2.26,1.4,0.379,0.392,0.351,0.453
156,203497,Rudy Gobert,2.2,1.7,0.663,0.72,3.09,3.27,0.9,0.36,0.596,0.664,0.822,0.862
157,203462,Archie Goodwin,0.8,2.1,0.286,0.621,1.47,1.47,0.93,0.53,0.545,0.636,0.5,0.375
158,203932,Aaron Gordon,4.0,2.1,0.466,0.384,1.54,3.69,2.79,2.69,0.496,0.508,0.39,0.423
159,201569,Eric Gordon,2.5,4.0,0.449,0.387,1.4,3.41,4.56,4.15,0.448,0.438,0.368,0.408
160,101162,Marcin Gortat,3.4,1.1,0.527,0.618,2.05,4.22,1.5,0.33,0.56,0.572,0.61,0.667
161,1626203,Treveon Graham,0.9,1.2,0.5,0.409,0.37,0.41,0.22,0.48,0.3,0.455,0.5,0.615
162,203924,Jerami Grant,0.6,1.6,0.444,0.464,0.95,1.0,0.96,1.14,0.553,0.525,0.416,0.396
163,1626170,Jerian Grant,1.6,1.7,0.486,0.351,0.87,1.46,1.6,0.84,0.455,0.402,0.406,0.472
164,201980,Danny Green,1.6,1.9,0.373,0.373,0.49,1.82,1.87,2.39,0.364,0.369,0.448,0.369
165,203110,Draymond Green,2.6,2.2,0.376,0.366,1.71,2.58,1.99,2.34,0.369,0.49,0.358,0.433
166,101123,Gerald Green,1.1,2.1,0.542,0.4,0.62,1.81,1.23,1.28,0.483,0.376,0.466,0.367
167,203210,JaMychal Green,2.0,1.1,0.49,0.455,1.53,1.77,1.62,1.49,0.458,0.529,0.464,0.565
168,201145,Jeff Green,1.3,2.5,0.389,0.38,1.41,2.58,2.0,1.91,0.443,0.449,0.312,0.341
169,201933,Blake Griffin,5.4,2.8,0.5,0.452,4.03,4.21,4.26,3.31,0.476,0.572,0.454,0.465
170,203120,Justin Hamilton,1.7,1.6,0.54,0.488,0.97,1.62,1.57,1.75,0.623,0.559,0.394,0.355
171,1627773,AJ Hammons,1.7,1.1,0.4,0.458,0.23,0.45,0.68,0.55,0.2,0.4,0.4,0.5
172,203501,Tim Hardaway Jr.,2.6,3.5,0.441,0.492,1.95,3.76,3.85,1.97,0.461,0.455,0.464,0.429
173,201935,James Harden,5.5,4.1,0.459,0.415,2.64,9.52,5.36,1.38,0.449,0.438,0.431,0.473
174,203090,Maurice Harkless,2.5,1.6,0.503,0.534,2.31,2.55,1.45,1.74,0.478,0.617,0.473,0.403
175,202712,Justin Harper,2.0,2.0,0.5,0.75,,,,,,,,
176,1626149,Montrezl Harrell,1.6,2.2,0.621,0.679,1.59,2.91,0.93,0.48,0.641,0.686,0.537,0.714
177,2734,Devin Harris,1.6,1.1,0.436,0.365,0.81,1.69,1.58,1.19,0.308,0.463,0.416,0.368
178,203914,Gary Harris,3.0,2.6,0.497,0.488,1.71,3.88,3.46,2.0,0.5,0.493,0.469,0.571
179,203925,Joe Harris,2.0,2.0,0.402,0.488,0.78,2.27,2.29,1.61,0.575,0.397,0.419,0.402
180,202412,Manny Harris,,,,,1.5,1.0,1.0,0.25,0.167,0.25,0.0,1.0
181,202699,Tobias Harris,3.5,3.2,0.523,0.456,2.16,4.66,3.8,2.32,0.497,0.526,0.478,0.384
182,1626151,Aaron Harrison,,,,,,,,,,,,
183,1626150,Andrew Harrison,1.5,1.4,0.3,0.278,0.92,1.19,1.47,1.42,0.348,0.314,0.34,0.304
184,2617,Udonis Haslem,0.2,1.0,0.0,0.222,0.25,0.75,0.25,0.19,0.5,0.75,0.0,0.0
185,201150,Spencer Hawes,1.2,2.2,0.355,0.539,0.81,1.57,1.11,1.63,0.5,0.565,0.567,0.341
186,202330,Gordon Hayward,4.4,3.6,0.485,0.488,2.41,5.32,5.62,2.48,0.438,0.454,0.51,0.459
187,201945,Gerald Henderson,2.4,1.8,0.474,0.378,1.18,3.33,2.11,1.13,0.459,0.45,0.355,0.432
188,203089,John Henson,1.9,1.6,0.561,0.491,1.24,2.84,0.64,0.57,0.514,0.539,0.541,0.394
189,1627823,Juan Hernangomez,0.9,1.7,0.5,0.465,0.56,0.98,0.75,1.08,0.441,0.433,0.435,0.455
190,1626195,Willy Hernangomez,2.0,2.2,0.591,0.513,1.71,2.82,1.01,0.88,0.472,0.571,0.575,0.476
191,1626209,Mario Hezonja,1.2,2.4,0.4,0.404,0.48,1.54,1.98,1.05,0.355,0.36,0.318,0.412
192,201579,Roy Hibbert,1.0,1.0,0.605,0.581,0.69,1.4,0.52,0.46,0.455,0.597,0.68,0.364
193,1627741,Buddy Hield,3.0,2.6,0.441,0.424,0.94,2.49,3.52,2.38,0.442,0.397,0.433,0.446
194,2403,Nene,2.2,1.2,0.621,0.655,1.45,2.45,1.09,0.91,0.567,0.695,0.534,0.607
195,201588,George Hill,3.4,3.1,0.524,0.459,2.0,3.92,3.55,2.84,0.49,0.526,0.402,0.496
196,201941,Jordan Hill,3.0,1.3,0.333,0.444,0.43,0.86,0.29,0.29,0.333,0.5,0.5,0.0
197,203524,Solomon Hill,2.2,0.9,0.419,0.317,0.75,1.28,2.0,1.9,0.383,0.412,0.363,0.395
198,1626199,Darrun Hilliard,1.0,1.8,0.273,0.397,0.26,1.08,1.05,0.85,0.2,0.357,0.439,0.364
199,201950,Jrue Holiday,3.5,3.1,0.457,0.425,2.15,4.51,4.33,2.31,0.438,0.517,0.428,0.4
200,203200,Justin Holiday,1.2,2.3,0.429,0.438,0.63,1.83,2.35,1.72,0.442,0.453,0.399,0.461
201,1626178,Rondae Hollis-Jefferson,2.1,1.4,0.428,0.477,1.81,2.68,1.36,0.99,0.388,0.481,0.448,0.355
202,1626158,Richaun Holmes,2.2,1.8,0.567,0.489,1.51,2.58,1.26,1.93,0.523,0.653,0.597,0.436
203,203918,Rodney Hood,3.0,3.2,0.443,0.46,2.12,4.17,3.41,1.54,0.368,0.415,0.413,0.451
204,201143,Al Horford,3.4,2.6,0.478,0.456,1.85,3.13,2.93,3.84,0.579,0.54,0.412,0.418
205,1627863,Danuel House,,,,,,,,,,,,
206,2730,Dwight Howard,2.9,1.3,0.64,0.636,2.81,3.7,1.12,0.64,0.563,0.653,0.807,0.532
207,1626273,Marcelo Huertas,0.8,1.9,0.667,0.375,0.3,0.96,0.83,0.87,0.429,0.273,0.526,0.3
208,203962,Josh Huestis,1.0,3.0,1.0,0.5,1.5,0.5,2.0,1.5,0.667,0.0,0.5,0.667
209,2743,Kris Humphries,0.9,1.8,0.485,0.338,0.7,1.09,0.8,1.23,0.41,0.426,0.422,0.377
210,1626154,RJ Hunter,,,,,,,,,,,,
211,201586,Serge Ibaka,4.2,2.3,0.485,0.468,1.47,4.16,3.57,2.97,0.552,0.495,0.447,0.455
212,2738,Andre Iguodala,1.2,1.5,0.609,0.486,0.66,1.57,1.59,1.61,0.58,0.538,0.504,0.533
213,101141,Ersan Ilyasova,3.0,2.4,0.432,0.427,1.52,3.8,3.44,2.06,0.4,0.449,0.411,0.462
214,204060,Joe Ingles,1.6,1.5,0.437,0.445,0.52,1.44,2.0,1.54,0.535,0.398,0.421,0.516
215,1627742,Brandon Ingram,2.5,2.1,0.41,0.393,2.05,2.96,2.01,1.63,0.414,0.427,0.39,0.364
216,202681,Kyrie Irving,5.7,4.3,0.495,0.415,3.51,8.49,5.5,2.21,0.474,0.475,0.467,0.478
217,101127,Jarrett Jack,,,,,,,,,,,,
218,1627743,Demetrius Jackson,,,,,,,,,,,,
219,203510,Pierre Jackson,5.0,3.3,0.4,0.4,0.88,1.25,1.63,1.13,0.429,0.2,0.385,0.333
220,202704,Reggie Jackson,3.3,3.8,0.41,0.401,2.5,4.73,4.44,1.35,0.385,0.439,0.433,0.371
221,2544,LeBron James,4.3,4.6,0.543,0.541,2.97,6.65,5.68,2.84,0.614,0.6,0.488,0.481
222,2744,Al Jefferson,2.0,2.1,0.5,0.462,2.22,3.29,1.26,0.4,0.563,0.467,0.524,0.346
223,2210,Richard Jefferson,0.9,1.6,0.375,0.5,0.56,1.3,1.2,1.28,0.523,0.534,0.368,0.396
224,203098,John Jenkins,,,,,,,,,,,,
225,201943,Brandon Jennings,1.2,2.4,0.354,0.384,0.91,2.11,2.28,1.22,0.351,0.351,0.341,0.414
226,201973,Jonas Jerebko,0.9,1.1,0.328,0.515,0.4,0.91,0.69,1.36,0.387,0.493,0.463,0.396
227,101161,Amir Johnson,1.7,0.8,0.545,0.537,1.33,1.63,0.8,0.86,0.5,0.654,0.563,0.565
228,1627744,Brice Johnson,,,,,,,,,,,,
229,201949,James Johnson,2.1,3.3,0.481,0.458,2.16,3.47,2.41,2.04,0.476,0.538,0.443,0.426
230,2207,Joe Johnson,1.7,2.7,0.446,0.457,1.32,2.49,2.54,1.63,0.466,0.428,0.429,0.441
231,1626169,Stanley Johnson,0.9,2.1,0.409,0.361,0.58,1.22,1.45,1.47,0.356,0.426,0.304,0.345
232,204020,Tyler Johnson,2.1,3.3,0.417,0.471,1.82,3.59,3.95,1.89,0.459,0.489,0.372,0.435
233,202325,Wesley Johnson,0.7,1.3,0.29,0.329,0.19,0.69,1.06,0.99,0.385,0.404,0.278,0.433
234,203999,Nikola Jokic,3.4,3.0,0.594,0.567,2.9,4.49,2.49,1.63,0.574,0.628,0.531,0.521
235,2563,Dahntay Jones,,,,,1.0,4.0,2.0,1.0,1.0,0.25,0.5,0.0
236,1627745,Damian Jones,,,,,0.3,0.3,0.6,0.3,0.667,0.667,0.5,0.0
237,2592,James Jones,1.0,1.1,0.625,0.5,0.19,0.35,0.71,0.67,0.556,0.294,0.5,0.531
238,203093,Terrence Jones,2.3,2.7,0.477,0.429,2.63,3.56,1.57,1.31,0.5,0.479,0.412,0.465
239,1626145,Tyus Jones,0.4,1.8,0.8,0.404,0.48,1.05,0.88,0.6,0.379,0.429,0.415,0.417
240,1627884,Derrick Jones Jr.,1.5,1.4,0.364,0.625,0.97,1.5,0.81,0.44,0.613,0.563,0.577,0.429
241,201599,DeAndre Jordan,2.4,1.3,0.691,0.785,2.36,3.38,0.89,0.46,0.602,0.73,0.861,0.865
242,202709,Cory Joseph,1.5,2.5,0.442,0.457,1.47,3.01,2.54,1.14,0.5,0.424,0.448,0.489
243,1626163,Frank Kaminsky,2.4,3.0,0.367,0.468,1.65,2.75,2.32,3.93,0.419,0.481,0.368,0.356
244,202683,Enes Kanter,2.5,2.9,0.608,0.503,3.32,4.38,1.54,0.9,0.569,0.59,0.477,0.354
245,203527,Ryan Kelly,1.0,1.0,0.0,0.333,0.19,0.38,0.56,0.63,0.333,0.0,0.444,0.3
246,203077,Michael Kidd-Gilchrist,2.9,1.0,0.45,0.368,2.0,3.16,1.8,0.67,0.414,0.539,0.466,0.407
247,203930,Sean Kilpatrick,2.2,3.1,0.413,0.407,2.03,3.0,3.22,2.2,0.357,0.488,0.383,0.434
248,202688,Brandon Knight,2.3,2.9,0.352,0.333,1.79,2.98,3.53,1.38,0.389,0.392,0.406,0.438
249,2594,Kyle Korver,1.3,2.2,0.393,0.511,0.43,2.6,2.61,1.97,0.448,0.437,0.423,0.576
250,201585,Kosta Koufos,2.2,1.3,0.529,0.558,1.3,2.85,1.11,0.25,0.5,0.589,0.468,0.778
251,1627851,Mindaugas Kuzminskas,1.6,1.7,0.451,0.489,1.22,1.46,1.62,1.07,0.41,0.475,0.364,0.479
252,203897,Zach LaVine,2.9,4.6,0.504,0.364,2.3,4.91,4.66,3.19,0.389,0.485,0.447,0.487
253,1627746,Skal Labissiere,1.9,2.5,0.5,0.603,1.97,2.58,1.42,0.64,0.477,0.506,0.66,0.571
254,203087,Jeremy Lamb,2.2,2.8,0.505,0.422,1.08,3.39,2.47,0.98,0.463,0.51,0.431,0.361
255,1627879,Nicolas Laprovittola,1.1,0.8,0.375,0.385,0.33,0.94,0.89,0.44,0.5,0.353,0.375,0.625
256,203530,Joffrey Lauvergne,1.4,1.8,0.413,0.466,1.06,1.39,1.26,1.06,0.405,0.526,0.455,0.365
257,201951,Ty Lawson,1.5,2.6,0.385,0.535,1.0,2.22,2.83,1.49,0.435,0.51,0.385,0.524
258,1627774,Jake Layman,1.5,1.4,0.222,0.286,0.23,0.69,0.83,0.8,0.375,0.25,0.379,0.214
259,1627747,Caris LeVert,1.8,2.0,0.518,0.413,0.91,1.59,1.95,2.21,0.549,0.596,0.404,0.363
260,201584,Courtney Lee,3.1,1.9,0.492,0.509,1.08,3.1,2.96,1.99,0.47,0.477,0.443,0.438
261,101135,David Lee,1.6,1.5,0.595,0.569,2.1,2.14,0.68,0.44,0.616,0.593,0.642,0.382
262,203458,Alex Len,2.0,1.3,0.527,0.443,1.73,2.37,1.09,0.88,0.438,0.556,0.5,0.439
263,202695,Kawhi Leonard,4.7,4.9,0.47,0.458,2.49,6.62,6.66,1.9,0.374,0.48,0.512,0.54
264,203086,Meyers Leonard,1.4,1.7,0.404,0.407,0.38,0.92,1.49,2.32,0.393,0.441,0.4,0.355
265,202720,Jon Leuer,2.2,2.3,0.537,0.507,1.25,2.88,2.51,1.96,0.5,0.597,0.431,0.361
266,202732,DeAndre Liggins,1.3,0.8,0.4,0.381,0.53,0.66,0.39,0.71,0.394,0.415,0.375,0.364
267,203081,Damian Lillard,5.7,4.7,0.489,0.43,3.51,7.37,6.75,2.11,0.414,0.47,0.425,0.449
268,202391,Jeremy Lin,3.4,3.4,0.463,0.447,1.69,3.66,3.71,2.14,0.407,0.43,0.415,0.507
269,2733,Shaun Livingston,0.8,1.8,0.565,0.542,0.54,2.61,0.76,0.2,0.585,0.525,0.655,0.533
270,1627848,Shawn Long,1.3,2.4,0.222,0.545,1.94,2.17,1.0,0.89,0.571,0.667,0.444,0.438
271,1626172,Kevon Looney,0.9,1.5,0.529,0.475,0.74,0.68,0.34,0.28,0.487,0.611,0.667,0.267
272,201572,Brook Lopez,4.9,3.6,0.471,0.439,3.65,5.01,2.93,3.97,0.518,0.527,0.45,0.376
273,201577,Robin Lopez,4.0,1.2,0.523,0.389,2.42,3.41,1.11,2.62,0.454,0.529,0.567,0.453
274,201567,Kevin Love,6.0,2.1,0.44,0.376,2.28,4.12,4.57,3.45,0.489,0.405,0.409,0.435
275,200768,Kyle Lowry,2.9,5.2,0.514,0.463,2.49,5.83,5.05,1.9,0.463,0.442,0.477,0.482
276,101249,John Lucas III,,,,,,,,,,,,
277,1627789,Timothe Luwawu-Cabarrot,1.8,2.2,0.372,0.464,1.16,1.58,1.23,1.26,0.488,0.477,0.318,0.31
278,1626168,Trey Lyles,2.0,1.9,0.321,0.372,1.27,1.42,1.39,2.1,0.333,0.356,0.414,0.349
279,202714,Shelvin Mack,1.9,2.1,0.424,0.495,1.44,2.33,1.65,1.51,0.443,0.5,0.44,0.373
280,101133,Ian Mahinmi,0.8,1.4,0.538,0.579,1.16,1.9,0.26,0.16,0.472,0.627,0.625,0.8
281,1627748,Thon Maker,1.4,1.3,0.449,0.467,0.54,0.84,0.95,0.82,0.484,0.479,0.426,0.468
282,1626246,Boban Marjanovic,2.7,2.5,0.5,0.525,,,,,,,,
283,1626185,Jarell Martin,1.1,1.4,0.394,0.388,0.95,1.29,0.79,0.57,0.25,0.444,0.424,0.417
284,202083,Wesley Matthews,3.1,2.3,0.41,0.315,0.82,3.18,4.38,3.19,0.356,0.38,0.394,0.409
285,201601,Luc Mbah a Moute,2.0,0.3,0.478,0.308,0.75,1.3,1.33,1.31,0.45,0.587,0.509,0.457
286,203949,James Michael McAdoo,0.8,1.4,0.636,0.452,0.96,2.19,1.0,0.46,0.36,0.561,0.538,0.667
287,1627775,Patrick McCaw,1.0,1.8,0.383,0.416,0.44,0.86,1.03,1.11,0.387,0.475,0.425,0.43
288,1627815,Sheldon McClellan,1.3,1.4,0.333,0.324,0.4,0.53,0.9,0.67,0.583,0.438,0.333,0.35
289,203468,CJ McCollum,4.7,4.2,0.497,0.474,3.69,7.29,5.1,1.94,0.431,0.491,0.473,0.555
290,204456,T.J. McConnell,1.7,1.4,0.409,0.519,1.22,2.8,1.51,0.81,0.455,0.485,0.492,0.333
291,1626191,Chris McCullough,,,,,0.31,0.69,0.38,0.63,0.6,0.636,0.5,0.3
292,203909,KJ McDaniels,1.5,1.5,0.533,0.459,0.71,1.2,0.53,1.0,0.514,0.525,0.423,0.347
293,203926,Doug McDermott,1.5,2.1,0.385,0.461,1.11,2.92,2.17,1.33,0.507,0.44,0.462,0.386
294,201580,JaVale McGee,2.0,1.9,0.662,0.49,0.97,2.29,0.61,0.27,0.56,0.682,0.66,0.714
295,203585,Rodney McGruder,2.0,1.3,0.45,0.333,0.68,2.05,1.97,1.15,0.434,0.413,0.403,0.411
296,203463,Ben McLemore,1.8,2.4,0.427,0.362,0.7,2.43,2.3,1.44,0.326,0.439,0.414,0.489
297,203895,Jordan McRae,2.3,2.0,0.389,0.382,0.84,1.43,1.03,0.73,0.452,0.264,0.421,0.519
298,201177,Josh McRoberts,2.0,1.8,0.442,0.333,1.14,1.55,0.73,1.91,0.32,0.412,0.188,0.429
299,201975,Jodie Meeks,1.5,2.6,0.488,0.361,0.81,2.94,2.11,1.14,0.379,0.358,0.421,0.512
300,1626257,Salah Mejri,0.9,0.7,0.55,0.767,0.44,0.93,0.26,0.22,0.625,0.597,0.737,0.688
301,1626175,Jordan Mickey,0.9,0.9,0.167,0.471,0.24,0.64,0.2,0.28,0.167,0.5,0.6,0.429
302,203114,Khris Middleton,3.2,2.8,0.478,0.386,1.93,4.86,3.07,1.62,0.446,0.418,0.494,0.468
303,101139,CJ Miles,2.0,2.6,0.397,0.449,0.91,2.77,2.57,2.19,0.441,0.447,0.363,0.488
304,2034,Mike Miller,0.3,0.7,0.0,0.385,,,,,,,,
305,201988,Patty Mills,2.1,1.8,0.453,0.42,0.5,2.19,2.81,2.25,0.475,0.389,0.449,0.467
306,202407,Elijah Millsap,,,,,,,,,,,,
307,200794,Paul Millsap,4.0,3.6,0.443,0.469,1.93,5.7,4.06,2.35,0.376,0.491,0.457,0.352
308,202703,Nikola Mirotic,1.9,3.1,0.425,0.387,0.9,2.19,3.54,2.29,0.476,0.49,0.359,0.4
309,202328,Greg Monroe,3.1,2.4,0.544,0.567,3.68,3.69,1.05,0.52,0.534,0.522,0.576,0.548
310,202734,E'Twaun Moore,2.1,2.3,0.466,0.453,0.95,3.16,2.95,1.41,0.478,0.45,0.447,0.476
311,202694,Marcus Morris,3.8,3.0,0.36,0.43,1.49,4.66,4.43,2.1,0.441,0.443,0.386,0.404
312,202693,Markieff Morris,2.9,2.9,0.438,0.471,2.32,4.42,2.59,2.28,0.386,0.512,0.497,0.382
313,201627,Anthony Morrow,1.9,1.9,0.406,0.446,0.86,1.73,1.39,1.14,0.548,0.376,0.382,0.304
314,202700,Donatas Motiejunas,1.5,1.4,0.406,0.476,0.65,1.59,0.59,1.21,0.364,0.556,0.45,0.244
315,202389,Timofey Mozgov,2.5,0.8,0.533,0.385,1.56,2.39,1.11,1.02,0.512,0.488,0.567,0.527
316,1626144,Emmanuel Mudiay,2.6,2.5,0.422,0.377,1.69,3.46,3.28,1.39,0.407,0.39,0.333,0.4
317,203498,Shabazz Muhammad,1.2,2.8,0.513,0.465,2.38,2.63,1.26,1.4,0.5,0.527,0.429,0.422
318,1627749,Dejounte Murray,2.3,1.9,0.286,0.418,0.53,1.61,0.53,0.37,0.25,0.459,0.55,0.357
319,1627750,Jamal Murray,1.4,3.4,0.398,0.415,1.06,2.77,3.22,1.74,0.5,0.402,0.387,0.397
320,203488,Mike Muscala,1.6,1.0,0.411,0.569,0.66,1.07,1.09,2.0,0.522,0.613,0.487,0.45
321,1626204,Larry Nance Jr.,1.0,2.0,0.5,0.518,0.76,2.02,1.05,1.9,0.542,0.583,0.576,0.433
322,203894,Shabazz Napier,1.1,1.7,0.56,0.345,0.49,0.92,1.45,0.62,0.269,0.367,0.442,0.424
323,1626254,Maurice Ndour,1.2,1.2,0.333,0.394,0.44,0.88,1.0,0.31,0.429,0.429,0.531,0.4
324,202390,Gary Neal,,,,,,,,,,,,
325,2749,Jameer Nelson,2.2,2.5,0.41,0.461,0.66,2.47,3.24,1.47,0.49,0.399,0.413,0.55
326,203526,Raul Neto,0.5,1.0,0.333,0.576,0.35,0.73,0.53,0.68,0.357,0.655,0.476,0.259
327,1627777,Georges Niang,,,,,0.41,0.45,0.36,0.36,0.333,0.4,0.0,0.125
328,203094,Andrew Nicholson,1.4,1.0,0.303,0.409,0.58,0.97,0.63,0.74,0.273,0.541,0.333,0.321
329,201149,Joakim Noah,1.6,1.2,0.392,0.696,1.93,1.93,0.33,0.15,0.438,0.517,0.733,0.429
330,203457,Nerlens Noel,2.1,1.1,0.587,0.707,1.47,2.24,1.35,0.96,0.653,0.64,0.464,0.592
331,203512,Lucas Nogueira,0.8,0.9,0.667,0.636,0.52,1.27,0.61,0.29,0.586,0.704,0.706,0.563
332,200779,Steve Novak,,,,,,,,,,,,
333,1717,Dirk Nowitzki,4.0,3.1,0.454,0.373,0.94,4.74,4.04,2.79,0.48,0.43,0.411,0.466
334,203994,Jusuf Nurkic,2.7,2.0,0.497,0.529,3.31,3.5,0.56,0.73,0.458,0.54,0.722,0.362
335,1628021,David Nwaba,0.7,1.9,0.444,0.622,1.15,1.65,0.6,0.65,0.565,0.515,0.75,0.615
336,203948,Johnny O'Bryant III,0.4,2.1,0.5,0.588,0.09,1.09,0.91,0.64,1.0,0.417,0.6,0.429
337,203124,Kyle O'Quinn,1.6,1.6,0.49,0.529,1.23,1.58,1.43,0.99,0.515,0.624,0.442,0.474
338,1627849,Daniel Ochefu,0.0,1.4,0.0,0.478,0.53,0.47,0.16,0.21,0.3,0.667,0.0,0.75
339,1626143,Jahlil Okafor,2.9,2.1,0.535,0.538,3.18,4.48,1.64,0.16,0.491,0.549,0.451,0.75
340,203506,Victor Oladipo,3.7,3.2,0.458,0.414,2.15,4.42,4.84,2.45,0.451,0.459,0.423,0.451
341,203482,Kelly Olynyk,1.7,1.9,0.496,0.5,1.29,1.57,1.28,2.63,0.577,0.661,0.469,0.411
342,202620,Arinze Onuaku,,,,,,,,,,,,
343,1627778,Chinanu Onuaku,2.0,0.8,0.5,1.0,0.2,0.8,0.2,0.2,1.0,0.75,0.0,1.0
344,1626162,Kelly Oubre Jr.,1.3,1.9,0.427,0.42,1.32,1.61,1.34,1.3,0.404,0.457,0.396,0.427
345,2585,Zaza Pachulia,1.9,0.2,0.519,0.2,1.41,1.57,0.57,0.86,0.424,0.664,0.6,0.467
346,1627834,Georgios Papagiannis,1.7,1.7,0.5,0.579,1.05,2.64,0.5,0.45,0.478,0.586,0.545,0.5
347,203953,Jabari Parker,4.6,3.5,0.526,0.423,3.8,5.22,3.84,3.08,0.495,0.571,0.434,0.42
348,2225,Tony Parker,2.4,2.2,0.5,0.389,1.5,3.73,2.69,1.08,0.495,0.472,0.473,0.388
349,202718,Chandler Parsons,2.5,1.5,0.318,0.222,0.71,2.53,2.18,1.12,0.25,0.337,0.392,0.289
350,203934,Lamar Patterson,,,,,0.4,1.4,0.4,0.8,0.0,0.286,0.0,0.25
351,202335,Patrick Patterson,1.2,1.9,0.329,0.461,0.45,1.25,1.74,2.46,0.379,0.469,0.372,0.394
352,101108,Chris Paul,3.7,2.6,0.52,0.457,0.51,4.33,5.92,2.08,0.484,0.451,0.488,0.504
353,203940,Adreian Payne,2.5,2.1,0.2,0.484,0.72,1.0,0.78,0.5,0.385,0.5,0.429,0.333
354,1626166,Cameron Payne,0.8,2.6,0.118,0.308,0.61,2.26,1.9,1.45,0.158,0.357,0.373,0.311
355,203901,Elfrid Payton,2.8,3.0,0.496,0.432,2.89,4.46,2.18,1.41,0.485,0.489,0.486,0.397
356,1627780,Gary Payton II,0.8,1.2,0.667,0.143,0.67,1.17,0.83,1.0,0.25,0.571,0.2,0.333
357,201593,Nikola Pekovic,,,,,,,,,,,,
358,1718,Paul Pierce,1.3,1.5,0.368,0.5,0.32,0.8,1.36,0.32,0.375,0.55,0.265,0.625
359,1627850,Marshall Plumlee,1.2,0.7,0.286,0.636,0.52,0.57,0.19,0.1,0.455,0.75,0.5,0.0
360,203486,Mason Plumlee,2.4,1.5,0.503,0.59,2.17,3.02,1.35,1.05,0.5,0.576,0.55,0.494
361,203101,Miles Plumlee,1.1,0.7,0.625,0.313,0.47,1.13,0.33,0.11,0.524,0.431,0.533,0.6
362,1627751,Jakob Poeltl,0.5,1.4,0.706,0.509,0.64,1.17,0.26,0.08,0.353,0.677,0.857,0.25
363,202347,Quincy Pondexter,,,,,,,,,,,,
364,203490,Otto Porter Jr.,3.7,1.7,0.503,0.551,0.96,2.93,3.94,2.09,0.597,0.521,0.502,0.491
365,1626171,Bobby Portis,1.4,2.6,0.379,0.552,1.06,1.53,1.92,1.31,0.529,0.592,0.447,0.393
366,204001,Kristaps Porzingis,4.2,3.6,0.398,0.463,2.18,5.8,3.97,2.92,0.472,0.457,0.424,0.456
367,203939,Dwight Powell,1.1,2.1,0.429,0.557,0.83,1.74,1.14,1.13,0.571,0.652,0.402,0.395
368,1626181,Norman Powell,2.1,2.5,0.519,0.465,1.31,2.37,1.56,1.33,0.429,0.494,0.376,0.46
369,1627816,Alex Poythress,1.3,3.3,0.625,0.5,3.17,2.33,1.17,2.33,0.579,0.429,0.571,0.286
370,101179,Ronnie Price,0.7,0.5,0.0,0.429,0.29,0.21,0.86,0.36,0.0,0.0,0.25,0.2
371,1627752,Taurean Prince,1.4,2.2,0.451,0.395,0.88,1.54,1.31,1.08,0.385,0.396,0.416,0.406
372,1627817,Tim Quarterman,1.0,1.2,0.0,0.526,0.31,0.31,0.56,0.63,0.6,0.6,0.333,0.4
373,1626184,Chasson Randle,1.4,2.0,0.429,0.432,0.73,1.42,1.08,0.54,0.526,0.459,0.25,0.429
374,203944,Julius Randle,3.6,2.1,0.473,0.605,3.16,3.97,1.89,1.45,0.491,0.51,0.471,0.439
375,2216,Zach Randolph,2.8,4.3,0.431,0.493,3.38,4.47,3.56,1.75,0.51,0.479,0.381,0.406
376,200755,JJ Redick,4.0,1.5,0.46,0.367,0.62,3.99,4.27,2.5,0.292,0.399,0.447,0.544
377,203186,Willie Reed,0.8,1.7,0.654,0.556,1.1,2.01,0.63,0.27,0.526,0.615,0.467,0.632
378,1626196,Josh Richardson,2.2,2.8,0.423,0.372,1.28,3.26,3.42,1.7,0.382,0.439,0.359,0.389
379,1627781,Malachi Richardson,0.8,2.1,0.25,0.448,0.14,0.91,1.05,1.0,0.333,0.45,0.478,0.318
380,203085,Austin Rivers,2.3,2.9,0.388,0.428,1.96,3.15,2.99,1.77,0.462,0.472,0.43,0.389
381,203460,Andre Roberson,2.1,1.0,0.457,0.603,1.09,1.78,0.8,2.18,0.453,0.624,0.54,0.314
382,203148,Brian Roberts,1.0,1.3,0.538,0.36,0.46,0.83,1.22,0.44,0.158,0.294,0.48,0.5
383,203080,Thomas Robinson,1.4,1.8,0.594,0.417,1.25,1.92,0.67,0.25,0.617,0.489,0.531,0.5
384,203922,Glenn Robinson III,1.3,1.4,0.481,0.433,0.51,1.68,1.53,1.09,0.543,0.43,0.442,0.527
385,200771,Sergio Rodriguez,1.8,2.5,0.371,0.361,0.79,1.6,2.88,2.69,0.444,0.376,0.367,0.404
386,200765,Rajon Rondo,2.4,1.9,0.36,0.359,1.28,2.9,2.41,1.52,0.42,0.425,0.386,0.41
387,201565,Derrick Rose,4.7,3.7,0.493,0.49,3.92,6.2,3.95,1.13,0.466,0.486,0.447,0.486
388,203082,Terrence Ross,1.7,3.0,0.43,0.442,0.79,3.65,3.48,1.65,0.475,0.42,0.422,0.496
389,1626179,Terry Rozier,1.2,2.0,0.309,0.39,0.97,1.58,1.84,1.16,0.361,0.35,0.375,0.384
390,201937,Ricky Rubio,2.9,1.8,0.388,0.43,0.99,2.15,2.33,3.17,0.405,0.46,0.36,0.395
391,204014,Damjan Rudez,0.2,1.6,0.0,0.355,0.04,0.22,0.87,0.8,0.0,0.6,0.333,0.306
392,201575,Brandon Rush,1.6,1.0,0.385,0.308,0.38,0.68,1.26,1.66,0.333,0.375,0.339,0.41
393,1626156,D'Angelo Russell,4.2,3.3,0.414,0.385,2.21,4.83,4.08,2.63,0.388,0.434,0.381,0.404
394,1627734,Domantas Sabonis,2.3,1.6,0.408,0.341,0.96,1.79,1.14,2.05,0.346,0.462,0.424,0.355
395,202336,Larry Sanders,,,,,,,,,,,,
396,203967,Dario Saric,3.4,2.5,0.348,0.423,2.02,3.14,3.72,2.68,0.512,0.492,0.346,0.332
397,203107,Tomas Satoransky,0.8,1.1,0.407,0.474,0.53,0.96,0.74,0.3,0.433,0.382,0.5,0.294
398,203471,Dennis Schroder,4.3,3.8,0.481,0.429,3.3,5.87,4.29,1.87,0.448,0.47,0.44,0.426
399,2449,Luis Scola,1.0,1.9,0.182,0.611,1.06,1.49,0.54,0.91,0.486,0.577,0.526,0.281
400,203118,Mike Scott,1.0,2.1,0.286,0.276,0.06,1.0,1.06,1.11,0.0,0.389,0.316,0.2
401,200757,Thabo Sefolosha,2.0,1.1,0.419,0.397,0.71,2.23,1.71,1.68,0.432,0.507,0.377,0.423
402,1627782,Wayne Selden,1.4,1.3,0.533,0.188,0.57,0.86,1.57,1.14,0.625,0.667,0.364,0.25
403,202338,Kevin Seraphin,1.6,1.6,0.512,0.5,0.94,1.63,0.69,0.75,0.533,0.59,0.515,0.472
404,201196,Ramon Sessions,1.2,1.4,0.415,0.439,0.92,2.14,1.36,0.84,0.413,0.364,0.382,0.381
405,202697,Iman Shumpert,2.1,1.5,0.43,0.452,0.49,1.39,2.53,2.03,0.378,0.415,0.401,0.429
406,1627783,Pascal Siakam,1.5,1.4,0.529,0.462,0.74,1.43,0.8,0.78,0.475,0.584,0.419,0.429
407,1627732,Ben Simmons,,,,,,,,,,,,
408,203613,Jonathon Simmons,1.1,2.2,0.414,0.444,1.18,1.68,1.65,0.88,0.429,0.403,0.441,0.412
409,202713,Kyle Singler,1.1,1.2,0.5,0.467,0.47,0.63,0.69,0.81,0.467,0.65,0.409,0.192
410,203935,Marcus Smart,1.9,2.3,0.437,0.379,1.73,3.28,2.51,1.91,0.35,0.394,0.364,0.311
411,202397,Ish Smith,2.3,2.2,0.44,0.484,1.32,3.23,3.05,1.6,0.477,0.439,0.437,0.415
412,2747,JR Smith,2.9,1.4,0.39,0.405,0.49,2.66,2.9,2.61,0.3,0.33,0.319,0.402
413,201160,Jason Smith,1.2,1.5,0.543,0.558,0.38,0.86,1.8,1.39,0.5,0.5,0.489,0.612
414,203503,Tony Snell,2.5,1.1,0.49,0.406,0.58,1.43,2.35,2.38,0.565,0.36,0.441,0.489
415,201578,Marreese Speights,1.2,2.7,0.433,0.452,1.12,1.74,1.43,2.35,0.478,0.538,0.402,0.394
416,201168,Tiago Splitter,0.6,2.3,0.667,0.5,1.38,1.5,0.25,0.75,0.364,0.5,1.0,0.333
417,203917,Nik Stauskas,2.0,2.1,0.413,0.385,0.95,2.25,2.44,2.28,0.395,0.372,0.364,0.462
418,202362,Lance Stephenson,1.3,2.2,0.375,0.5,0.72,2.0,2.61,1.28,0.462,0.528,0.426,0.391
419,203950,Jarnell Stokes,,,,,,,,,,,,
420,1627754,Diamond Stone,,,,,,,,,,,,
421,201155,Rodney Stuckey,1.4,1.8,0.352,0.344,1.05,2.62,1.67,0.87,0.341,0.392,0.4,0.324
422,203096,Jared Sullinger,2.4,1.5,0.412,0.167,0.55,1.09,1.27,1.36,0.333,0.583,0.214,0.2
423,204002,Edy Tavares,,,,,,,,,,,,
424,1627819,Isaiah Taylor,1.0,0.5,0.0,0.5,0.5,0.25,0.5,0.25,0.0,0.0,0.5,0.0
425,201952,Jeff Teague,3.0,2.4,0.397,0.423,2.6,3.86,2.7,1.89,0.436,0.431,0.452,0.451
426,203141,Mirza Teletovic,1.6,2.5,0.4,0.37,0.41,1.71,2.53,1.3,0.483,0.325,0.395,0.363
427,202066,Garrett Temple,1.5,1.8,0.409,0.415,0.52,1.69,2.48,1.94,0.441,0.482,0.398,0.405
428,1891,Jason Terry,0.7,1.3,0.45,0.464,0.27,0.92,0.91,1.19,0.25,0.426,0.373,0.523
429,202738,Isaiah Thomas,4.7,5.9,0.486,0.467,4.17,8.58,5.11,1.51,0.448,0.451,0.469,0.557
430,202498,Lance Thomas,1.9,2.1,0.4,0.375,0.74,1.43,1.48,1.63,0.235,0.394,0.471,0.4
431,203138,Hollis Thompson,1.4,1.6,0.392,0.383,0.7,1.58,1.4,1.33,0.357,0.429,0.357,0.377
432,202691,Klay Thompson,4.9,3.7,0.465,0.438,2.03,6.83,5.5,3.4,0.487,0.441,0.473,0.502
433,202684,Tristan Thompson,2.3,0.8,0.626,0.5,1.76,2.86,0.77,0.22,0.533,0.601,0.733,0.647
434,201977,Marcus Thornton,0.9,2.0,0.423,0.361,1.0,2.79,1.91,0.67,0.394,0.435,0.349,0.409
435,1627861,Mike Tobey,1.5,0.0,0.333,0.0,,,,,,,,
436,201229,Anthony Tolliver,1.2,1.4,0.391,0.447,0.51,1.02,2.09,1.75,0.394,0.545,0.368,0.482
437,1626253,Axel Toupane,0.0,2.0,0.0,0.5,,,,,,,,
438,1626157,Karl-Anthony Towns,5.2,4.6,0.585,0.479,5.2,6.13,3.49,3.2,0.57,0.59,0.497,0.458
439,200782,PJ Tucker,1.4,2.0,0.378,0.408,1.24,1.68,1.38,1.59,0.398,0.398,0.45,0.429
440,202323,Evan Turner,1.7,2.0,0.342,0.467,1.35,3.17,2.22,1.71,0.489,0.427,0.431,0.36
441,1626167,Myles Turner,3.4,2.2,0.502,0.531,2.05,2.81,2.23,3.58,0.567,0.569,0.517,0.441
442,2757,Beno Udrih,1.2,1.6,0.419,0.393,0.72,1.85,1.56,0.92,0.429,0.514,0.459,0.417
443,1627755,Tyler Ulis,2.0,2.8,0.339,0.425,0.44,2.29,2.78,1.69,0.462,0.378,0.451,0.41
444,1627784,Jarrod Uthoff,0.0,2.3,0.0,0.556,0.44,1.78,0.67,1.33,0.75,0.375,0.667,0.25
445,202685,Jonas Valanciunas,3.5,1.9,0.537,0.595,2.56,3.58,1.61,1.04,0.47,0.636,0.52,0.573
446,1627756,Denzel Valentine,1.2,2.3,0.391,0.398,0.3,0.95,1.86,1.95,0.176,0.389,0.358,0.36
447,1627832,Fred VanVleet,1.0,2.1,0.2,0.352,0.81,1.03,0.56,0.58,0.345,0.27,0.3,0.619
448,2760,Anderson Varejao,1.0,0.7,0.333,0.429,,,,,,,,
449,202349,Greivis Vasquez,1.0,0.3,0.333,1.0,,,,,,,,
450,1626173,Rashad Vaughn,1.6,2.1,0.387,0.42,0.71,0.93,1.24,0.93,0.414,0.421,0.275,0.395
451,203943,Noah Vonleh,1.4,1.1,0.484,0.455,1.36,1.07,0.65,0.55,0.396,0.532,0.542,0.537
452,202696,Nikola Vucevic,3.9,3.1,0.481,0.437,2.19,5.01,3.01,3.49,0.463,0.508,0.482,0.405
453,2756,Sasha Vujacic,1.2,1.8,0.125,0.355,0.19,0.9,1.38,0.76,0.375,0.237,0.328,0.344
454,2548,Dwyane Wade,3.5,4.9,0.483,0.427,2.85,8.0,3.9,1.15,0.462,0.408,0.466,0.42
455,203079,Dion Waiters,4.2,3.5,0.536,0.378,2.24,5.87,4.63,1.65,0.427,0.404,0.446,0.434
456,202689,Kemba Walker,4.0,4.5,0.428,0.465,3.85,6.76,5.57,2.11,0.431,0.451,0.425,0.497
457,202322,John Wall,4.8,4.4,0.488,0.439,2.97,6.44,6.01,2.76,0.461,0.446,0.437,0.47
458,203933,TJ Warren,3.9,2.4,0.471,0.529,2.53,4.69,3.7,1.42,0.531,0.497,0.494,0.44
459,201228,C.J. Watson,0.8,1.6,0.5,0.33,0.34,1.39,1.39,0.89,0.143,0.36,0.488,0.364
460,1627362,Briante Weber,1.2,1.7,0.333,0.4,,,,,,,,
461,2561,David West,0.6,1.6,0.529,0.567,0.82,0.81,0.78,1.31,0.518,0.527,0.566,0.528
462,201566,Russell Westbrook,5.3,7.3,0.451,0.442,4.12,9.38,7.7,2.7,0.431,0.436,0.402,0.443
463,1627855,Okaro White,0.7,1.0,0.231,0.393,0.51,0.69,0.37,0.89,0.278,0.417,0.231,0.484
464,1627785,Isaiah Whitehead,1.6,1.9,0.382,0.394,1.73,2.33,1.78,1.08,0.413,0.465,0.308,0.418
465,202355,Hassan Whiteside,4.1,2.2,0.529,0.596,3.45,6.19,2.21,0.68,0.5,0.595,0.529,0.577
466,203952,Andrew Wiggins,6.0,4.3,0.492,0.439,4.96,7.63,4.29,2.22,0.415,0.484,0.474,0.385
467,203912,CJ Wilcox,,,,,0.05,0.32,0.41,0.64,0.0,0.143,0.444,0.214
468,1626210,Alan Williams,1.7,2.1,0.553,0.563,1.74,2.94,0.66,0.23,0.488,0.551,0.484,0.455
469,101114,Deron Williams,2.3,2.8,0.479,0.395,1.11,3.63,2.98,1.54,0.457,0.432,0.441,0.412
470,202682,Derrick Williams,1.6,1.8,0.389,0.439,0.78,1.34,1.34,1.42,0.385,0.537,0.433,0.394
471,101150,Lou Williams,1.9,5.0,0.391,0.429,2.09,5.1,3.67,1.43,0.42,0.426,0.431,0.448
472,101107,Marvin Williams,2.9,2.0,0.396,0.42,1.33,2.68,2.58,2.64,0.455,0.461,0.403,0.388
473,202130,Reggie Williams,1.5,1.2,0.5,0.333,0.17,0.83,1.5,1.33,0.0,0.4,0.444,0.25
474,1627786,Troy Williams,2.3,1.7,0.442,0.45,0.93,1.6,1.57,1.43,0.393,0.5,0.447,0.395
475,1627787,Kyle Wiltjer,,,,,,,,,,,,
476,1626159,Justise Winslow,2.6,3.1,0.404,0.304,2.61,4.89,2.56,2.56,0.298,0.409,0.37,0.283
477,203481,Jeff Withey,0.4,1.1,0.538,0.489,0.92,0.78,0.2,0.12,0.468,0.575,0.6,0.667
478,1626174,Christian Wood,0.6,1.2,0.333,0.643,0.54,0.62,0.15,0.46,0.714,0.625,0.5,0.167
479,1897,Metta World Peace,2.3,2.3,0.222,0.286,0.36,0.4,1.08,0.88,0.333,0.3,0.222,0.318
480,201148,Brandan Wright,1.4,1.7,0.5,0.55,1.32,2.39,0.86,0.21,0.459,0.627,0.792,0.667
481,1626153,Delon Wright,0.6,2.0,0.231,0.537,0.93,1.52,0.81,0.96,0.4,0.415,0.591,0.308
482,203923,James Young,0.6,1.0,0.0,0.45,0.21,0.48,0.76,0.55,0.333,0.571,0.409,0.375
483,1626202,Joe Young,0.7,2.0,0.0,0.393,0.31,0.66,1.09,0.09,0.1,0.286,0.457,0.333
484,201156,Nick Young,3.3,2.1,0.462,0.36,0.78,4.27,3.78,1.67,0.447,0.422,0.414,0.49
485,201152,Thaddeus Young,3.1,1.5,0.513,0.489,2.67,3.42,1.71,1.49,0.487,0.584,0.552,0.44
486,203469,Cody Zeller,2.7,1.3,0.575,0.514,1.9,3.48,0.97,0.79,0.508,0.634,0.65,0.347
487,203092,Tyler Zeller,1.7,1.4,0.467,0.444,0.69,1.1,0.61,0.71,0.543,0.5,0.516,0.417
488,1627757,Stephen Zimmerman,0.5,1.2,0.0,0.429,0.42,0.58,0.42,0.11,0.375,0.273,0.125,1.0
489,1627835,Paul Zipser,1.8,1.4,0.415,0.385,0.8,1.55,1.43,1.25,0.4,0.412,0.365,0.418
490,1627826,Ivica Zubac,2.4,2.1,0.542,0.536,1.47,2.82,1.18,0.74,0.482,0.486,0.689,0.536
