,ENRL_ORIG_YR2_RT,SAT_AVG
0,0.3474264706,823.0
1,0.3919874313,1146.0
3,0.3555743243,1180.0
4,0.3450881612,830.0
5,0.4481848185,1171.0
8,0.2747081712,970.0
9,0.5521861777,1215.0
10,0.4921465969,1177.0
23,0.2987341772,999.0
26,0.3401231644,1036.0
30,0.2072072072,1023.0
32,0.2468030691,950.0
34,PrivacySuppressed,1040.0
36,0.3381147541,1058.0
37,0.4150326797,1070.0
39,0.371667936,1028.0
41,0.3728489484,924.0
46,0.463356974,1153.0
50,0.3552933464,1064.0
51,0.3580246914,1100.0
52,0.2413793103,970.0
53,0.3141993958,882.0
56,0.2736799678,990.0
57,0.4644549763,937.0
64,0.2696629213,1008.0
83,0.4271195689,1145.0
85,0.4783673469,1106.0
97,0.3258388101,1171.0
111,0.345747445,1050.0
120,0.206185567,1094.0
127,0.3274853801,1045.0
133,0.2619741774,1077.0
139,0.3138297872,1142.0
142,0.4264524104,1156.0
143,0.2926829268,842.0
145,0.238286864,1088.0
146,0.2742570712,1008.0
149,0.0497382199,970.0
151,0.3333333333,1070.0
152,0.1924398625,974.0
161,0.3738601824,1139.0
162,0.2964254577,1011.0
163,0.4870689655,1267.0
166,0.4106813996,1144.0
177,0.3603603604,1090.0
180,0.3554216867,1057.0
181,0.0716763006,930.0
192,0.2127659574,1001.0
194,0.2670520231,989.0
197,0.2571274879,1028.0
217,0.5012345679,1098.0
222,0.4609856263,1123.0
230,0.4941245593,984.0
233,0.7477477477,1534.0
234,0.4290076336,1108.0
235,0.5515933232,1242.0
237,0.1852185669,901.0
238,0.4840162089,917.0
239,0.5018306078,888.0
240,0.5807004653,1070.0
241,0.5371287129,1014.0
242,0.3553642791,845.0
243,0.5047242364,920.0
244,0.5884661836,1021.0
245,0.399691358,910.0
246,0.5847637731,1012.0
247,0.4634825871,871.0
248,0.4192899408,918.0
249,0.4396524487,945.0
250,0.61557237,1350.0
251,0.5866692577,1192.0
252,0.6488611167,1122.0
253,0.5963320463,1289.0
254,0.5768579037,1078.0
255,0.6363863239,1276.0
257,0.5922165821,1212.0
258,0.5883211679,1087.0
266,0.6701570681,1080.0
283,0.5340715503,1208.0
284,PrivacySuppressed,735.0
285,0.3873873874,1020.0
286,0.3660477454,986.0
292,0.5256410256,1397.0
316,0.5261845387,1057.0
339,0.3977272727,979.0
352,0.7473684211,1483.0
359,0.3501577287,910.0
361,0.4464636542,1008.0
375,0.4064516129,930.0
377,0.3972939729,1035.0
386,0.2543443918,926.0
395,0.3623188406,1104.0
401,0.5834127741,1202.0
416,0.3299492386,1001.0
419,0.3779264214,1151.0
431,0.3836898396,928.0
452,0.3129411765,972.0
453,0.5849056604,1303.0
457,0.5447761194,1002.0
459,0.4258675079,951.0
466,0.4024640657,1017.0
467,0.3416009019,1172.0
472,0.5764499121,1235.0
475,0.4796875,1155.0
476,0.6785714286,1454.0
483,0.5567839196,1135.0
499,0.5376320897,1090.0
500,0.5121412804,1228.0
501,0.3611111111,1061.0
503,0.4585674157,998.0
505,0.5991452991,1161.0
510,0.431122449,1039.0
512,0.4815804543,1030.0
518,0.5599489796,1294.0
522,0.5585585586,1364.0
531,0.3176733781,1030.0
536,0.5650289017,1115.0
538,0.4084668192,1006.0
542,0.4037089872,980.0
547,0.5625,1137.0
548,0.5336726703,1380.0
552,0.7820512821,1243.0
570,0.3904109589,1193.0
571,0.4109263658,1043.0
572,0.5171232877,987.0
579,0.2424969988,939.0
584,0.3827770911,1073.0
585,0.3663812528,1068.0
587,0.532622823,1192.0
589,0.6844919786,1323.0
594,0.656626506,1298.0
596,0.5432016075,1127.0
607,0.5086848635,1231.0
609,0.3292951542,1049.0
616,0.2848330914,972.0
617,0.3321287214,973.0
624,0.3707093822,1029.0
631,0.3422733078,1111.0
634,0.202484472,967.0
640,0.356557377,1005.0
641,0.3550420168,830.0
647,0.3629441624,923.0
648,0.4722943723,1006.0
654,0.5651024455,1233.0
657,0.4507729862,1017.0
664,0.3831360947,1053.0
676,0.4954703833,1034.0
683,0.1923472008,865.0
685,0.6341666667,1102.0
687,0.4581818182,950.0
690,0.4219190969,921.0
693,0.6594827586,1240.0
695,0.7708830549,1387.0
698,0.7158469945,1497.0
704,0.4107946027,890.0
705,0.6572695597,1178.0
708,0.267768595,841.0
710,0.6058917197,1258.0
711,0.5992414665,1118.0
715,0.4526748971,841.0
716,0.6093969144,1297.0
717,0.6222222222,1398.0
718,0.5359050445,1081.0
727,0.4266666667,1062.0
728,0.3048376408,930.0
730,0.4080645161,812.0
731,0.28125,940.0
739,PrivacySuppressed,970.0
740,0.4551127382,1175.0
743,0.3377483444,1026.0
747,0.4705882353,1138.0
749,0.3172413793,802.0
750,0.3258388101,1105.0
751,0.4714512292,947.0
752,0.414893617,1039.0
754,0.3633440514,1038.0
755,0.1502890173,1060.0
759,0.2654155496,884.0
760,0.1600649351,1153.0
762,0.4807366638,1096.0
767,0.4476021314,1102.0
768,0.5831727681,1212.0
771,0.6059723234,1272.0
788,0.2852882704,1010.0
808,0.4502369668,1332.0
817,0.3975236233,1143.0
818,0.3353090601,932.0
819,0.2264573991,1084.0
823,0.391521197,1061.0
835,0.5043936731,1199.0
848,0.4513633014,1168.0
849,0.2622478386,904.0
851,0.4633431085,1168.0
852,0.3728813559,955.0
859,0.4572347267,1075.0
862,0.2395833333,863.0
866,0.2319277108,908.0
868,0.1959334566,922.0
870,0.3712639539,1062.0
875,0.1729678639,897.0
881,0.4028629857,887.0
882,PrivacySuppressed,825.0
883,0.3323108384,997.0
887,0.3198294243,946.0
891,0.332038835,880.0
896,0.4821002387,1186.0
898,0.1699346405,957.0
899,0.2115384615,896.0
901,0.1880199667,940.0
904,0.3385321101,939.0
907,0.376146789,984.0
909,0.5601659751,1173.0
914,0.36,935.0
915,0.4332220367,1363.0
917,0.2849779087,830.0
919,0.6194251734,1352.0
920,0.2932061979,950.0
921,0.513413506,1126.0
923,0.4991816694,1094.0
924,0.4631578947,1060.0
925,0.5697543385,1247.0
926,0.1430232558,840.0
932,0.4208608122,1068.0
933,0.2789115646,995.0
938,0.385620915,1171.0
939,0.5528301887,990.0
943,0.3851851852,1131.0
944,0.2062937063,778.0
945,0.3550420168,1001.0
947,0.255952381,1013.0
949,0.4949299855,1078.0
950,0.3914495658,847.0
951,0.3325213155,954.0
954,0.5822306238,1024.0
955,0.3801396431,1123.0
958,0.3740740741,1000.0
959,0.3133640553,939.0
961,0.3650050184,1033.0
962,0.4385964912,982.0
963,0.4003496503,950.0
964,0.2973977695,980.0
966,0.3103953148,972.0
967,0.3600867679,967.0
968,0.4307585247,1087.0
970,0.3357817419,1005.0
979,0.30831643,891.0
982,0.3125,977.0
983,0.3725915875,1050.0
986,0.4491244676,1070.0
987,0.6123348018,1070.0
988,0.1970865467,936.0
993,0.4603174603,1079.0
995,0.5070286925,1036.0
1001,0.427184466,1065.0
1003,0.3115789474,1011.0
1008,0.412371134,1034.0
1011,0.4090480679,1163.0
1026,0.2863756614,892.0
1028,0.8003412969,1504.0
1037,0.3306930693,1030.0
1042,0.4943732007,1163.0
1046,0.4231896191,1010.0
1048,0.3937198068,1084.0
1049,0.2693877551,1053.0
1056,0.3150357995,1033.0
1061,0.0548523207,1019.0
1064,0.414427157,1092.0
1065,0.2618181818,1030.0
1067,0.4700451375,1303.0
1068,0.5517241379,1241.0
1070,0.4147157191,1024.0
1072,0.4881889764,1252.0
1074,0.3973871734,1110.0
1082,0.3086419753,1045.0
1090,0.438547486,1157.0
1095,0.4409266409,1088.0
1096,PrivacySuppressed,845.0
1097,0.42,996.0
1098,0.0807248764,850.0
1101,0.5422699673,1195.0
1107,0.288209607,964.0
1110,0.3700787402,1046.0
1112,0.3636363636,1030.0
1114,0.451048951,1087.0
1115,0.427027027,1049.0
1124,0.4171052632,1125.0
1125,0.4360465116,1030.0
1127,0.3232415206,1010.0
1129,0.712585034,1458.0
1130,0.3481381786,890.0
1133,0.3924914676,1105.0
1138,0.268115942,1048.0
1146,0.3445595855,1029.0
1147,0.2437304075,1035.0
1148,0.381533101,1031.0
1151,0.4099378882,1070.0
1153,0.3802966102,1010.0
1154,0.296388543,1085.0
1166,0.3136329774,1032.0
1167,0.3681264406,1050.0
1172,0.4395061728,1053.0
1173,0.3389830508,1049.0
1176,0.5,1205.0
1179,0.3807935979,970.0
1180,0.6433408578,1318.0
1183,0.3767361111,1053.0
1185,0.5142221123,1053.0
1186,0.3881118881,1047.0
1187,0.673553719,1212.0
1188,0.2681992337,855.0
1193,0.6314285714,1215.0
1196,0.5705128205,1262.0
1197,0.4918918919,1147.0
1198,0.5589353612,1010.0
1199,0.4454976303,1123.0
1200,0.4297994269,1050.0
1203,0.6275303644,1130.0
1205,0.2978723404,1014.0
1207,0.4927536232,1054.0
1209,0.2922499146,996.0
1210,0.3707786527,1013.0
1212,0.3832635983,1018.0
1213,0.2060409924,934.0
1214,0.3523688663,1004.0
1215,0.3621095062,910.0
1216,0.3153575615,950.0
1217,0.3308596166,962.0
1218,0.534194831,1198.0
1219,0.2928813559,918.0
1220,0.3254747872,950.0
1221,0.3007063572,943.0
1234,0.4423592493,1017.0
1235,0.2795389049,1024.0
1236,0.2792435209,1083.0
1244,0.7701149425,1450.0
1245,0.3235294118,988.0
1247,0.3362282878,975.0
1248,0.3176855895,954.0
1251,0.6361111111,1310.0
1253,0.3705972435,981.0
1254,0.4061433447,998.0
1255,0.3244444444,895.0
1256,0.6734693878,1141.0
1259,0.4301075269,940.0
1260,0.5792507205,1214.0
1261,0.4143094842,1095.0
1262,0.5680555556,1158.0
1265,0.6435185185,1141.0
1269,0.249490835,1050.0
1273,0.5406091371,1089.0
1274,0.365448505,1048.0
1275,0.4041916168,1166.0
1276,0.5516129032,1182.0
1280,0.4458204334,1119.0
1281,0.4488078541,1240.0
1282,0.3486725664,926.0
1286,0.2413793103,1028.0
1288,0.3017751479,969.0
1289,0.2963917526,979.0
1290,0.6725352113,1357.0
1302,0.4941860465,1145.0
1303,0.2175732218,1005.0
1305,0.4251988072,1208.0
1311,0.547277937,1088.0
1312,0.6982922201,1175.0
1316,0.4335511983,1050.0
1317,0.3628318584,1010.0
1320,0.4317284925,1030.0
1321,0.372611465,1095.0
1328,0.3870056497,1050.0
1329,PrivacySuppressed,1030.0
1332,0.4754464286,1105.0
1338,0.2481012658,1010.0
1339,0.2657657658,980.0
1340,0.5206422018,1077.0
1344,0.280952381,926.0
1346,0.3357400722,1086.0
1348,0.4170616114,1145.0
1349,0.306122449,956.0
1350,0.2965116279,1028.0
1356,0.28,970.0
1364,0.3090349076,1030.0
1366,0.3187134503,990.0
1367,0.2643678161,954.0
1368,0.2299546142,977.0
1380,0.3764122348,1145.0
1381,0.2232142857,1079.0
1384,0.2773972603,1014.0
1389,0.2095238095,1020.0
1390,0.2789699571,1014.0
1391,0.3033268102,950.0
1395,0.1762075134,1020.0
1397,0.3832004905,1010.0
1399,0.3063380282,988.0
1403,0.2268907563,1036.0
1404,0.3532338308,1015.0
1405,0.275862069,1017.0
1408,0.3511029412,1089.0
1410,0.2619047619,990.0
1411,0.5167095116,1110.0
1415,0.4891975309,1116.0
1416,0.5954825462,1113.0
1419,0.2935779817,1010.0
1420,0.264075067,985.0
1422,0.6569037657,1268.0
1427,0.3010752688,1019.0
1428,0.3420560748,1009.0
1431,0.4239766082,1085.0
1442,PrivacySuppressed,930.0
1443,0.235131397,860.0
1444,0.25,1019.0
1445,0.4234945706,1140.0
1446,0.2561983471,976.0
1450,0.3802514566,1142.0
1454,PrivacySuppressed,923.0
1455,0.2377179081,1032.0
1456,0.321,1028.0
1457,0.339830085,1029.0
1459,0.3411003236,1024.0
1464,0.2376910017,909.0
1475,0.3325581395,952.0
1478,0.393442623,1033.0
1479,0.4972375691,1213.0
1481,0.220735786,1007.0
1482,0.3408345054,1009.0
1492,0.331838565,1131.0
1500,0.3675213675,884.0
1502,0.3975694444,863.0
1508,0.2466887417,950.0
1509,0.466977254,1162.0
1511,0.2388419783,1030.0
1516,0.3092783505,968.0
1518,0.4245472837,1089.0
1519,0.4504748982,1143.0
1520,0.3513513514,1030.0
1521,0.2894736842,1072.0
1522,0.3252730109,1030.0
1523,0.1912181303,1050.0
1526,0.3193411265,1007.0
1528,0.2887323944,1010.0
1541,0.3518656716,1030.0
1542,0.4061793519,890.0
1543,0.3811659193,808.0
1545,0.4164473684,1070.0
1547,0.4577412117,1341.0
1548,0.3658256881,1048.0
1554,0.7015706806,1423.0
1555,PrivacySuppressed,1010.0
1557,0.6627218935,1343.0
1559,0.4615384615,962.0
1564,0.373015873,908.0
1565,0.2886597938,937.0
1566,0.4801007557,1085.0
1567,0.662835249,1026.0
1569,0.3462088698,1057.0
1573,0.4978165939,960.0
1576,0.3567774936,1003.0
1577,0.4259259259,895.0
1588,0.3412429379,940.0
1589,0.4150039904,886.0
1590,0.585106383,1042.0
1595,0.3325991189,880.0
1599,0.4385321101,963.0
1605,0.4848484848,1030.0
1608,0.4877789586,1418.0
1611,0.65,1194.0
1615,0.4614994934,1209.0
1616,0.5690701627,1310.0
1617,0.5825471698,1175.0
1618,0.4237288136,871.0
1622,0.4232294618,893.0
1623,0.5180722892,1060.0
1626,0.3343373494,1036.0
1631,0.4760293288,1145.0
1632,0.5061728395,1221.0
1636,0.4966657775,1078.0
1639,0.4258289703,990.0
1640,0.6184210526,1168.0
1641,0.5943152455,1105.0
1645,0.3538135593,885.0
1646,0.6443298969,1434.0
1651,0.6860465116,1258.0
1653,PrivacySuppressed,895.0
1654,0.3654545455,964.0
1657,0.3554119548,1006.0
1658,0.6923076923,1234.0
1664,0.6613175676,1375.0
1666,0.6932013769,1279.0
1667,0.7362459547,1347.0
1668,0.4843549078,991.0
1670,PrivacySuppressed,956.0
1678,0.359929078,931.0
1680,0.1266794626,845.0
1683,0.3931398417,954.0
1684,0.5379975875,1240.0
1685,0.5391969407,1090.0
1686,0.6254237288,1070.0
1689,0.1517857143,825.0
1690,0.4957983193,987.0
1691,0.4539363484,1040.0
1693,0.5814536341,1156.0
1698,0.504358655,1501.0
1708,0.4736842105,974.0
1710,0.427238806,1065.0
1712,0.4693218515,1132.0
1716,0.5546810273,1209.0
1717,0.4006688963,1015.0
1719,0.4870517928,1094.0
1720,0.6507936508,1081.0
1721,0.7718550107,1503.0
1722,0.7298245614,1051.0
1732,0.3701149425,880.0
1743,0.3728323699,850.0
1744,0.4282511211,940.0
1745,0.4291845494,1032.0
1749,0.6980421687,1394.0
1751,0.3618233618,928.0
1752,0.2692307692,760.0
1756,0.3962848297,954.0
1759,0.4584031267,986.0
1761,0.5673758865,1149.0
1765,0.3982442139,1029.0
1767,0.5076035658,1061.0
1768,0.6711409396,1133.0
1769,0.4942791762,1014.0
1771,0.7307692308,1428.0
1772,0.5763888889,1399.0
1773,0.6528599606,1109.0
1774,0.5093867334,1077.0
1775,0.5042432815,995.0
1777,0.476534296,996.0
1778,0.7,1439.0
1780,0.4562248996,1016.0
1781,0.4205020921,1007.0
1782,0.4336569579,1143.0
1785,0.5071225071,1100.0
1787,0.435768262,1070.0
1788,0.44345898,1090.0
1794,0.5351351351,1183.0
1798,0.4762674207,1029.0
1801,0.4294871795,976.0
1802,PrivacySuppressed,1010.0
1804,0.4424778761,1010.0
1811,0.3440594059,1142.0
1814,0.3943960942,1011.0
1815,0.3396076352,1010.0
1818,0.6821428571,1198.0
1821,0.3673758865,1084.0
1824,0.5100321027,1090.0
1827,0.6075353218,1204.0
1831,0.4661016949,1240.0
1837,0.3588652482,1050.0
1839,0.4648648649,1145.0
1842,0.407079646,1034.0
1843,0.2887537994,780.0
1844,0.230964467,990.0
1845,0.5242456897,1352.0
1847,0.6642926513,1158.0
1848,0.4491525424,1206.0
1849,0.4595359366,1125.0
1850,0.4057239057,993.0
1860,0.3768248175,1030.0
1863,0.3353090601,1029.0
1865,0.4300164024,1070.0
1866,0.4205298013,927.0
1868,0.3493975904,1008.0
1873,0.4047720494,990.0
1875,0.2806673209,990.0
1879,0.4043355325,1069.0
1881,0.1968911917,930.0
1887,0.3628228595,1050.0
1889,0.5421151146,1030.0
1897,0.4283687943,1053.0
1900,0.3309709426,990.0
1901,0.4338624339,1070.0
1902,0.4813186813,1144.0
1905,0.747826087,1406.0
1906,0.571192053,1144.0
1907,0.3589285714,991.0
1909,0.6538461538,1125.0
1916,0.6615646259,1224.0
1917,0.4309392265,1106.0
1927,0.6198630137,1350.0
1929,0.4378246257,1030.0
1936,0.4837931034,1270.0
1937,0.323943662,1004.0
1939,0.496124031,1073.0
1944,0.4838121295,1109.0
1945,0.4269406393,1168.0
1948,0.3246831623,1049.0
1953,0.3454038997,1044.0
1956,0.4133986928,1126.0
1958,0.2888888889,930.0
1963,0.7026378897,1157.0
1966,0.401322314,1010.0
1967,0.6222826087,1155.0
1968,0.3788395904,1068.0
1969,0.734375,1290.0
1970,0.4156626506,983.0
1971,0.4098360656,1085.0
1972,0.6135693215,1165.0
1974,0.395480226,1051.0
1977,0.3773861968,1010.0
1984,0.4804063861,1070.0
1987,0.3154121864,851.0
1988,0.3708530806,1033.0
1989,0.3558282209,1007.0
1996,0.2367531003,950.0
2004,0.3660164271,910.0
2007,0.5182926829,1159.0
2009,0.4045672399,1100.0
2011,0.2409326425,995.0
2012,0.2800632911,825.0
2013,0.3258559622,1098.0
2016,0.3599674973,1106.0
2019,0.1000543774,970.0
2020,0.3205882353,666.0
2023,0.3470685841,1082.0
2025,0.4406779661,864.0
2027,0.2380952381,1105.0
2031,0.3043478261,1028.0
2035,0.1627118644,863.0
2036,0.3116883117,1033.0
2039,0.2800829876,1006.0
2040,0.3911646586,990.0
2046,PrivacySuppressed,1165.0
2048,PrivacySuppressed,1021.0
2051,0.3484848485,972.0
2052,0.2793522267,1146.0
2057,0.2809160305,1046.0
2058,0.3448275862,1070.0
2062,0.153125,1029.0
2070,0.4303278689,1073.0
2076,0.3577084304,1045.0
2081,0.3487450462,1142.0
2085,0.3714285714,1021.0
2088,0.2339791356,1001.0
2092,0.2986598596,990.0
2094,0.2400756144,920.0
2096,0.4941291585,1165.0
2097,0.2775574941,1105.0
2098,0.4879923151,1263.0
2099,0.3369606004,1090.0
2106,0.4760039177,1243.0
2107,0.4003623188,1050.0
2109,0.4657534247,1050.0
2115,0.3201970443,1164.0
2118,0.4308510638,1237.0
2123,0.2289156627,970.0
2124,0.2478632479,1228.0
2127,0.2957055215,1062.0
2133,0.3581395349,1047.0
2134,0.3748458693,1049.0
2135,0.3727155727,1090.0
2141,0.6737357259,1474.0
2142,0.3867735471,1107.0
2144,0.4243902439,1090.0
2145,0.3884892086,1146.0
2146,0.375,1047.0
2152,0.560137457,1112.0
2165,0.2709284627,1115.0
2166,0.3926491994,1115.0
2167,0.3422354105,1090.0
2168,0.2669789227,925.0
2169,0.3496240602,1024.0
2174,0.3370786517,1110.0
2175,0.608974359,1070.0
2179,0.4903225806,1091.0
2180,0.3223039216,1214.0
2181,0.4181459566,1077.0
2182,0.3333333333,995.0
2183,0.3603896104,1083.0
2186,0.3885109599,1049.0
2188,0.3925925926,1070.0
2191,0.3233695652,970.0
2193,0.3896296296,1070.0
2197,0.4133016627,1109.0
2198,0.4702348443,1147.0
2201,0.2542372881,1070.0
2203,0.3787878788,1050.0
2209,0.29375,924.0
2216,0.4674367166,1003.0
2217,0.5119945168,1081.0
2226,0.395480226,962.0
2227,0.5774336283,1446.0
2230,0.3612774451,975.0
2238,0.4047753337,965.0
2240,0.6129761136,1100.0
2241,0.5382882883,975.0
2242,0.6129761136,1020.0
2243,0.5134493671,965.0
2252,0.3798882682,932.0
2253,0.6832669323,1145.0
2263,0.3035190616,835.0
2266,0.4541284404,949.0
2268,0.4716157205,956.0
2279,0.5244565217,1109.0
2284,0.3771234428,985.0
2285,0.3896103896,877.0
2286,0.3771234428,1020.0
2288,0.3863636364,900.0
2289,0.500204499,1120.0
2296,0.3405639913,917.0
2298,0.405863754,905.0
2304,0.5602517986,1063.0
2305,0.5193557502,970.0
2307,0.0941176471,950.0
2312,0.5781433608,1142.0
2320,0.6389891697,1495.0
2322,0.5148270181,1096.0
2324,0.5317247542,1038.0
2326,0.5453979454,1035.0
2327,0.5453979454,1210.0
2328,0.5453979454,1059.0
2331,0.4847396768,913.0
2333,0.5125,1121.0
2335,0.3453815261,855.0
2337,0.7276422764,1305.0
2338,0.4848188051,1068.0
2342,0.6762468301,1235.0
2345,0.4564971751,1010.0
2352,0.2043991416,932.0
2357,PrivacySuppressed,967.0
2359,0.3610108303,1200.0
2361,0.3429121849,1038.0
2365,0.3060418812,982.0
2370,0.2543859649,998.0
2378,0.25,989.0
2379,0.4652777778,1098.0
2383,0.4731861199,1195.0
2386,0.4754385965,1106.0
2399,0.6854304636,1340.0
2419,0.5467980296,1101.0
2428,0.5992779783,1187.0
2432,0.7601476015,1370.0
2434,0.5255354201,1471.0
2437,0.3801652893,912.0
2441,0.64,1358.0
2442,0.5504978663,1422.0
2447,0.5275532697,1225.0
2450,0.3933110368,1100.0
2451,0.3287021349,1000.0
2452,0.4315750646,1110.0
2455,0.4572208738,1160.0
2456,0.3803596127,950.0
2459,0.3402959095,1020.0
2460,0.2184601113,838.0
2461,0.2560324578,937.0
2462,0.3836720392,1100.0
2465,0.3244867301,905.0
2467,0.3274478331,1047.0
2470,0.3882575758,899.0
2475,0.45,1060.0
2479,0.3247588424,894.0
2480,0.6237437186,1258.0
2486,0.704845815,1384.0
2487,0.415704388,1126.0
2492,0.479562464,1165.0
2493,0.4901315789,1113.0
2498,0.5609103079,1009.0
2505,PrivacySuppressed,1331.0
2510,0.3974082073,907.0
2511,0.5013333333,1080.0
2512,0.3165211769,921.0
2513,0.3165211769,974.0
2520,0.601010101,1090.0
2522,0.4657836645,1075.0
2523,0.1497175141,874.0
2527,0.3864628821,1053.0
2528,0.3097913323,865.0
2541,0.5104712042,1054.0
2544,0.3497757848,1006.0
2545,0.534351145,919.0
2550,0.3996925442,986.0
2551,0.4123989218,1131.0
2559,0.5506692161,1352.0
2561,0.4806924101,1038.0
2565,0.3770634231,1039.0
2566,0.3484848485,970.0
2567,0.3043478261,915.0
2572,0.429339065,1043.0
2573,0.3377308707,986.0
2576,0.5506692161,1303.0
2577,0.4025974026,928.0
2578,0.512864494,1140.0
2587,0.6710382514,1366.0
2589,0.3792372881,1046.0
2591,0.4367690058,1232.0
2592,0.6499477534,1353.0
2597,0.5229166667,1075.0
2598,0.3521594684,940.0
2599,PrivacySuppressed,1015.0
2602,0.3972222222,931.0
2607,0.599479844,1122.0
2609,0.6331168831,1247.0
2610,0.4298679868,1054.0
2615,0.4284077892,1095.0
2618,0.4386024423,1093.0
2622,0.1054263566,1090.0
2625,0.2365010799,975.0
2626,0.3251770766,969.0
2627,0.1374598071,930.0
2628,0.4491525424,1102.0
2629,0.5529513889,1297.0
2630,0.4736036725,1158.0
2631,0.524530787,1253.0
2632,0.4237288136,1155.0
2633,0.2826086957,1053.0
2634,0.4195316393,1069.0
2635,0.3902439024,975.0
2636,0.4510739857,1058.0
2637,0.4668489405,1056.0
2638,0.4956855225,1274.0
2639,0.4705102717,1129.0
2640,0.5228426396,1097.0
2641,0.4816915936,1110.0
2643,0.4587778855,1082.0
2645,0.4081081081,998.0
2646,0.4614878209,1026.0
2649,0.5843373494,1056.0
2652,0.6823214968,1158.0
2664,0.715942029,1313.0
2668,0.3509933775,946.0
2670,0.7575,1394.0
2672,0.4843049327,1020.0
2673,0.515970516,1154.0
2674,PrivacySuppressed,1435.0
2675,0.4113475177,1075.0
2686,0.456937799,1217.0
2692,0.572927242,1156.0
2694,0.3449197861,939.0
2696,0.3601532567,977.0
2700,0.2941176471,950.0
2703,0.137755102,998.0
2705,0.4339948231,1030.0
2709,0.2712418301,985.0
2714,0.2639296188,777.0
2719,0.6153846154,1353.0
2720,0.4273369992,1444.0
2722,0.5103510351,1050.0
2724,0.4336973479,849.0
2725,0.6092436975,1200.0
2728,0.3882807469,851.0
2730,0.3149425287,1018.0
2732,0.2466666667,891.0
2733,0.3597122302,1067.0
2738,0.5242966752,1087.0
2742,0.3742236025,826.0
2746,0.3509127789,976.0
2748,0.2760869565,723.0
2749,PrivacySuppressed,755.0
2750,0.2994241843,941.0
2755,0.4431554524,1040.0
2756,0.281512605,961.0
2763,0.387755102,950.0
2764,0.3502871206,915.0
2767,0.5014314928,902.0
2768,0.4567430025,1190.0
2769,0.6388996513,1313.0
2770,0.475712881,1066.0
2771,0.4468085106,1029.0
2772,0.4622641509,859.0
2773,0.6204819277,1105.0
2774,0.6062337662,1229.0
2775,0.3818181818,863.0
2776,0.4907201188,1154.0
2778,0.314893617,910.0
2779,0.3938024532,926.0
2780,0.2777777778,954.0
2781,0.3023255814,878.0
2784,0.3738656987,1058.0
2787,0.2857142857,853.0
2792,0.244732577,749.0
2793,0.4326018809,1110.0
2798,0.1959334566,964.0
2810,0.3728070175,1136.0
2816,0.4226190476,1013.0
2819,0.4018169113,889.0
2820,0.4349098001,1034.0
2823,0.176056338,965.0
2827,0.3620689655,1038.0
2831,0.3643659711,1046.0
2834,0.2821316614,1004.0
2836,0.4239086087,1090.0
2839,0.4864758918,1091.0
2846,0.25,967.0
2851,0.2990799938,1016.0
2857,0.4647887324,1009.0
2859,0.3991179713,1043.0
2862,0.1920903955,1070.0
2863,0.5031605563,1096.0
2865,0.3946587537,1027.0
2868,0.39527897,1009.0
2873,0.421957672,1102.0
2878,0.4676354029,1377.0
2879,0.568627451,1195.0
2882,0.2690677966,825.0
2885,0.1453488372,1011.0
2886,0.3658536585,989.0
2888,0.3975887293,1141.0
2892,0.2515506547,939.0
2895,0.5172413793,1060.0
2898,0.3234863995,1030.0
2901,0.5393939394,1035.0
2906,0.5931586608,1181.0
2907,0.3395225464,964.0
2908,0.7341772152,1285.0
2914,0.4201101928,1083.0
2918,0.1578947368,970.0
2924,0.4201030928,1030.0
2932,0.4867647059,1112.0
2941,0.3661024077,1048.0
2943,0.5792682927,1328.0
2944,0.3580645161,1002.0
2945,0.3373493976,983.0
2953,0.341543514,1046.0
2954,0.4868804665,1105.0
2961,0.4370186335,1240.0
2965,0.3241106719,1030.0
2966,0.5154109589,1050.0
2967,0.4144295302,1071.0
2968,0.4559819413,989.0
2970,0.3793103448,983.0
2978,0.2981818182,943.0
2981,0.683908046,1354.0
2984,0.3442622951,1028.0
2986,0.5700934579,1153.0
2996,0.418057211,1289.0
3001,0.3731142241,1104.0
3004,PrivacySuppressed,970.0
3005,0.5433526012,1123.0
3006,0.5228276878,1087.0
3032,0.487037037,1163.0
3037,0.1068459658,969.0
3038,0.3008438819,1031.0
3049,0.3828996283,1018.0
3052,0.4809384164,1047.0
3056,0.4,1006.0
3058,0.5176715177,1158.0
3059,0.5710455764,1231.0
3062,0.5310274669,1132.0
3066,0.1401515152,836.0
3067,0.2536585366,981.0
3074,0.3338200935,1030.0
3077,0.276533593,969.0
3082,0.1780821918,899.0
3087,0.2740776234,970.0
3091,0.2390243902,930.0
3093,0.3601895735,1124.0
3095,0.1636363636,890.0
3096,0.4193154034,1135.0
3098,0.3855421687,1098.0
3100,0.2831858407,1163.0
3101,0.4233830846,1176.0
3104,0.2759103641,1037.0
3107,0.2114164905,950.0
3111,0.2534246575,990.0
3114,0.247582205,950.0
3115,0.238961039,963.0
3116,0.2798690671,990.0
3119,0.4947368421,1279.0
3137,0.2888015717,993.0
3140,0.2296943231,935.0
3143,0.4590163934,1070.0
3147,0.5748218527,1279.0
3148,0.3896457766,1090.0
3156,0.3209876543,1104.0
3159,0.3445945946,974.0
3161,0.342015855,1025.0
3163,0.4353588907,1102.0
3164,0.3940609952,1108.0
3166,0.4849187935,1102.0
3173,0.3791307471,1045.0
3174,0.5863141524,1195.0
3175,0.6703910615,1371.0
3180,0.3174010456,1020.0
3185,0.3775811209,1067.0
3189,0.5236966825,1198.0
3190,0.4026229508,950.0
3195,0.4025974026,1028.0
3197,0.450488145,1033.0
3200,0.6381156317,1182.0
3202,0.4500745156,1069.0
3204,0.4488549618,976.0
3212,0.3588709677,1016.0
3214,0.4466769706,1095.0
3217,0.4937611408,990.0
3219,0.555984556,1334.0
3220,0.6757990868,1306.0
3225,0.4261904762,896.0
3226,0.4019277108,964.0
3229,0.3946188341,946.0
3230,0.4513172967,1432.0
3231,0.4361445783,948.0
3234,0.3538732394,960.0
3238,0.4039190898,915.0
3245,0.4474708171,1005.0
3246,0.7343283582,1285.0
3249,0.4995727713,1197.0
3252,0.6125198098,1122.0
3253,0.4022222222,946.0
3254,0.3679458239,1041.0
3255,0.4788076386,930.0
3256,0.5373406193,1117.0
3274,PrivacySuppressed,995.0
3276,0.5493150685,1050.0
3277,0.3834422658,1070.0
3278,0.6856492027,1282.0
3283,0.2249240122,944.0
3286,0.6806722689,1400.0
3288,0.4748700173,933.0
3291,0.4416666667,943.0
3292,0.4965947787,973.0
3296,PrivacySuppressed,1018.0
3298,0.3187613843,901.0
3302,0.473871734,959.0
3303,0.4,931.0
3304,0.4801619433,996.0
3306,0.749244713,1283.0
3307,0.3706070288,982.0
3312,0.5505376344,1112.0
3315,0.7289855072,1322.0
3319,0.3625218914,853.0
3320,0.4822266935,937.0
3321,PrivacySuppressed,930.0
3325,0.56,1047.0
3327,0.1741424802,830.0
3328,0.4073647871,964.0
3329,0.5212947189,1050.0
3332,0.3155949741,1064.0
3333,0.6219135802,1154.0
3335,0.4710743802,1014.0
3336,0.5338842975,1057.0
3338,0.4513888889,982.0
3340,0.1965811966,915.0
3341,0.6458333333,1246.0
3343,0.4657894737,861.0
3351,0.4817607004,1052.0
3354,0.4817607004,991.0
3355,0.4817607004,889.0
3356,0.4817607004,995.0
3357,0.4817607004,941.0
3358,0.4817607004,1004.0
3359,0.4817607004,990.0
3360,0.4817607004,955.0
3361,0.4817607004,988.0
3362,0.4817607004,1027.0
3363,0.4817607004,968.0
3364,0.4817607004,951.0
3365,0.4817607004,940.0
3366,0.4817607004,948.0
3367,0.4817607004,1199.0
3368,0.4817607004,957.0
3369,0.4817607004,960.0
3370,0.4817607004,942.0
3371,0.4817607004,850.0
3372,0.4817607004,984.0
3383,0.6572379368,1442.0
3384,0.5311720698,1062.0
3385,0.5,1010.0
3386,0.4262948207,1008.0
3388,0.5965665236,1165.0
3390,0.5238274628,973.0
3391,0.5238274628,1017.0
3392,0.5238274628,1021.0
3393,0.5238274628,1258.0
3394,0.5238274628,878.0
3401,0.3557237465,997.0
3405,0.2215189873,957.0
3410,0.4718693285,1041.0
3412,0.48125,927.0
3413,0.5223214286,1026.0
3414,0.5991425509,1110.0
3415,0.520295203,1035.0
3418,0.6454054054,1121.0
3419,0.4238410596,1032.0
3420,PrivacySuppressed,930.0
3423,0.4237551867,980.0
3424,0.5221033039,1002.0
3430,0.5689320388,1129.0
3431,0.7100591716,1442.0
3434,0.5609038848,1121.0
3435,0.4731934732,967.0
3443,0.6596385542,1182.0
3444,0.4210526316,977.0
3445,PrivacySuppressed,913.0
3447,0.7142857143,1316.0
3451,0.4552683897,1015.0
3453,0.5285939968,1105.0
3456,0.5436046512,1040.0
3459,0.3958974359,1025.0
3460,0.4731343284,1060.0
3461,0.3227848101,993.0
3463,0.4627092846,1045.0
3467,0.5579268293,1425.0
3468,0.5677419355,1137.0
3474,0.6959553696,1158.0
3475,0.4696601942,930.0
3477,0.5661427636,1076.0
3478,0.5267857143,1239.0
3480,0.6146245059,1109.0
3486,0.4090909091,1079.0
3487,0.2867132867,973.0
3490,0.4717285945,1070.0
3491,0.3215077605,916.0
3493,0.4812967581,1165.0
3496,0.4816849817,1080.0
3497,0.4204545455,873.0
3498,0.5362264151,1259.0
3500,0.380952381,956.0
3501,0.4468085106,1055.0
3502,0.4005681818,1027.0
3503,0.45,1072.0
3505,0.3916083916,1010.0
3508,0.3374175306,938.0
3509,0.525606469,1237.0
3514,0.3416009019,945.0
3515,0.1862845445,1010.0
3520,0.4465408805,938.0
3521,0.4468864469,1137.0
3524,0.4736842105,1121.0
3525,0.3678571429,973.0
3526,0.2294022617,932.0
3527,0.4948261589,1200.0
3528,0.4948261589,865.0
3529,0.0564516129,789.0
3530,0.0489296636,927.0
3531,0.0658682635,826.0
3532,0.3740544629,993.0
3533,0.3745551601,851.0
3534,0.3148854962,982.0
3536,PrivacySuppressed,859.0
3544,0.4421824104,1030.0
3545,0.6225680934,1186.0
3547,0.6303797468,1105.0
3549,0.2894995093,993.0
3551,0.3028169014,1010.0
3552,0.3540856031,1058.0
3557,0.3891402715,1050.0
3561,0.3395522388,1030.0
3563,0.2736842105,934.0
3565,0.5183486239,1183.0
3566,0.4486445208,1050.0
3568,0.3402985075,1064.0
3573,0.3522554486,1090.0
3576,0.2032967033,1115.0
3579,0.3130923131,1009.0
3580,0.606557377,1125.0
3581,0.4536950421,1193.0
3582,0.3060402685,930.0
3583,0.3430493274,1053.0
3584,0.3572938689,1064.0
3586,0.4074074074,1105.0
3588,0.0891621829,910.0
3592,0.3108433735,986.0
3593,0.3373655914,1149.0
3597,0.3537007874,1026.0
3602,0.4881889764,854.0
3604,0.3887530562,1098.0
3607,PrivacySuppressed,863.0
3612,0.458781362,1022.0
3614,0.3002610966,1039.0
3617,0.2573248408,716.0
3618,0.1975051975,760.0
3619,0.376987131,1094.0
3620,0.2363636364,1054.0
3623,0.4736842105,1068.0
3627,0.4476190476,1030.0
3629,0.3997842503,1031.0
3632,0.3872914448,1011.0
3634,0.4139194139,1096.0
3636,0.0782414307,910.0
3642,0.4615384615,1050.0
3646,0.6300940439,1288.0
3648,0.1311893823,910.0
3650,0.0975609756,756.0
3652,0.5688888889,1248.0
3660,0.3699421965,1050.0
3662,0.2817337461,1006.0
3663,0.3839212469,1069.0
3664,0.4694275274,1199.0
3665,0.420332937,1050.0
3669,0.3586237318,1071.0
3670,0.1368821293,878.0
3671,0.3114754098,1049.0
3673,0.2771285476,961.0
3674,0.4008264463,1174.0
3676,0.5688350983,1475.0
3682,0.5184659091,1087.0
3688,0.2933011467,965.0
3692,0.4512635379,1181.0
3700,0.4390756303,1215.0
3714,0.2742230347,1035.0
3717,0.3745551601,960.0
3720,0.3583617747,1078.0
3721,0.2113821138,930.0
3724,0.4965753425,1216.0
3727,0.2170900693,957.0
3728,0.1968085106,993.0
3729,0.2974434612,987.0
3742,0.3953974895,1035.0
3745,0.3552397869,1075.0
3748,0.2854319593,894.0
3749,0.2448233861,903.0
3750,0.4122843921,1136.0
3752,0.3363914373,953.0
3753,0.2109375,780.0
3754,0.4083424808,967.0
3763,0.3040166205,974.0
3768,0.4015416959,892.0
3770,0.3550295858,1175.0
3773,0.2756756757,1010.0
3775,0.3120728929,1069.0
3777,0.2895927602,982.0
3781,0.3574468085,993.0
3792,0.4154286493,1100.0
3794,0.3353090601,924.0
3800,0.224852071,882.0
3801,0.4397930386,937.0
3805,0.1964285714,775.0
3806,0.3755314124,845.0
3809,0.5785123967,1454.0
3812,0.3889468196,1117.0
3814,0.4276315789,1121.0
3815,0.4182223461,999.0
3818,0.3363636364,995.0
3820,0.4190193165,1050.0
3826,0.5807743658,1302.0
3831,0.4163424125,1168.0
3832,0.3472868217,998.0
3833,0.4376108811,1045.0
3834,0.2571428571,949.0
3836,0.2596153846,865.0
3837,0.31712,984.0
3845,0.2762393162,895.0
3846,0.5153354633,1182.0
3847,0.3244865297,1077.0
3848,0.5302732631,1262.0
3849,0.3857356236,1262.0
3850,0.3813275556,923.0
3851,0.2709008425,1064.0
3853,0.4397339983,1206.0
3856,0.3962264151,1041.0
3857,0.3107947805,1008.0
3858,0.3887448528,1050.0
3860,0.2923351159,832.0
3861,0.4311239193,1116.0
3863,0.2058212058,997.0
3864,0.2897262709,953.0
3865,0.4012158055,1270.0
3877,0.24556423,940.0
3879,0.3443708609,994.0
3885,0.5167016606,1277.0
3886,0.2907407407,1081.0
3902,0.3013157895,1066.0
3906,0.305931657,1087.0
3909,0.4313846154,1109.0
3911,0.3840947547,1134.0
3914,0.3739424704,954.0
3915,0.477093207,1122.0
3919,0.354969574,948.0
3920,0.4207317073,930.0
3922,0.67578125,1391.0
3924,0.4852941176,1065.0
3926,0.6083916084,1173.0
3928,0.2692307692,842.0
3929,0.3153153153,883.0
3932,0.1292775665,933.0
3933,0.5453187251,1190.0
3936,0.3399280576,941.0
3938,0.2398989899,900.0
3939,0.4818181818,1033.0
3940,0.6031746032,1358.0
3941,0.2921914358,1067.0
3944,0.5723684211,1161.0
3948,0.2941176471,963.0
3953,0.4336917563,1004.0
3954,0.4243323442,999.0
3956,0.2975460123,868.0
3957,0.5256805342,1155.0
3959,0.5043859649,1113.0
3960,0.4908350305,990.0
3961,0.4263157895,1099.0
3963,0.6432748538,1149.0
3966,0.2754693306,1030.0
3967,0.544768069,1002.0
3969,0.4476923077,1002.0
3971,0.4004065041,959.0
3972,0.4428754814,1110.0
3973,0.3718518519,1030.0
3980,0.3894500561,879.0
3982,0.4590565198,1016.0
3988,0.4419542806,980.0
3990,0.5694050992,1082.0
3991,0.3710691824,1094.0
3994,0.0711382114,837.0
3996,0.5756385069,1313.0
3998,0.5578583765,1086.0
4000,0.3463917526,1016.0
4001,0.1666666667,1015.0
4007,0.375,1084.0
4011,0.3566739606,949.0
4013,PrivacySuppressed,928.0
4014,0.6304604486,1220.0
4016,0.503908726,1102.0
4017,0.6476923077,1362.0
4018,0.5662251656,1141.0
4021,0.3851351351,811.0
4022,0.2568807339,750.0
4023,0.4117647059,1021.0
4025,0.7127659574,1392.0
4038,0.44881589,986.0
4047,0.4274640089,970.0
4051,0.3236009732,1081.0
4054,0.5461801596,1204.0
4069,0.3137254902,898.0
4074,0.3588110403,1079.0
4077,0.5371120108,1112.0
4079,0.3711340206,1233.0
4081,0.4180327869,1057.0
4085,0.5161290323,1145.0
4086,0.5,1175.0
4095,0.41,1072.0
4096,0.4699424046,1030.0
4097,0.477776057,1234.0
4100,0.5284195086,1114.0
4102,0.6037735849,1327.0
4105,0.3507853403,989.0
4107,0.2903225806,1026.0
4110,0.3766233766,936.0
4111,0.1455160745,905.0
4114,0.3107142857,991.0
4116,0.3279569892,980.0
4117,0.2862745098,945.0
4118,0.3073263559,965.0
4119,0.2642857143,879.0
4124,0.3806212332,1022.0
4132,0.2602040816,971.0
4137,0.3476482618,1007.0
4141,0.2756933116,942.0
4142,PrivacySuppressed,1017.0
4143,0.3273231623,984.0
4144,0.4084989719,990.0
4145,0.3460490463,1021.0
4151,0.4084989719,1062.0
4152,0.4086021505,1023.0
4156,0.4721115538,950.0
4158,0.0970873786,1070.0
4159,0.7124463519,1227.0
4161,0.3077803204,1027.0
4162,0.4909090909,1090.0
4163,0.4471544715,1105.0
4165,0.354017502,1049.0
4166,0.3984375,1050.0
4172,0.4139534884,1007.0
4175,0.3261802575,1061.0
4176,0.4220907298,950.0
4177,0.5585964912,1217.0
4183,0.5381604697,1244.0
4185,0.238267148,957.0
4191,0.4583333333,1105.0
4192,0.5801886792,1130.0
4194,0.5255198488,1125.0
4195,0.3274336283,950.0
4199,0.0746760378,970.0
4200,0.4168039539,1090.0
4204,0.5218476904,1030.0
4208,0.5447545717,1110.0
4209,0.3789868668,1070.0
4210,0.5657826313,1130.0
4211,0.5414012739,1097.0
4212,0.4367458155,1030.0
4213,0.3259911894,990.0
4215,0.4470046083,1030.0
4216,0.3342696629,1010.0
4217,0.6206896552,1268.0
4218,0.4067826705,1030.0
4219,0.4668604651,1050.0
4220,0.4513096038,1030.0
4221,0.4858188472,1070.0
4231,0.3849416755,1123.0
4290,0.3590963139,1038.0
4293,0.3885034688,1029.0
4294,0.4919852035,1094.0
4300,0.5902912621,1195.0
4312,0.2979452055,807.0
4313,0.7394136808,1466.0
4314,0.5151515152,1211.0
4442,0.3815028902,1283.0
4534,0.4969781497,966.0
4694,0.477776057,1014.0
4695,0.477776057,963.0
4813,0.3365384615,971.0
4828,0.8412698413,1213.0
4890,0.4271195689,1073.0
4941,0.4249471459,976.0
5153,0.4271195689,1106.0
5271,PrivacySuppressed,940.0
5308,0.4379200566,1024.0
5378,0.5651024455,1015.0
5379,0.5651024455,1020.0
5380,0.5651024455,1017.0
5536,0.5376320897,878.0
5584,0.4642857143,954.0
5588,0.756097561,1475.0
5608,0.1513647643,955.0
5665,0.4857142857,1225.0
5779,0.5761494253,1010.0
5813,0.2877697842,1104.0
5838,0.2904290429,1070.0
6029,0.4513633014,1070.0
6031,0.4271195689,1085.0
6088,PrivacySuppressed,1070.0
6233,0.4513633014,1079.0
6289,0.3511904762,1160.0
6498,0.4837931034,1149.0
6917,0.2765957447,1069.0
7185,0.4817607004,968.0
7322,0.1654501217,1002.0
7370,0.3547368421,1009.0
7381,0.4271195689,898.0
