,GROUP_VALUE,DISPLAY_FIRST_LAST,PERSON_ID,FG_PCT,FG3_PCT,FT_PCT,SC_FG_PCT,SC_FG3_PCT,4Q_FT_PCT,PO_FT_PCT,SC_FG_PCT_DIFF,SC_FG3_PCT_DIFF,PO_FT_PCT_DIFF,4Q_FT_PCT_DIFF,TEAM_ID,WIN_PCT_201617
0,2016-17,Alex Abrines,203518,0.39299999999999996,0.381,0.898,0.368,0.4,0.857,0.75,0.024999999999999967,-0.019000000000000017,0.14800000000000002,0.041000000000000036,1610612760,0.573
1,2016-17,Quincy Acy,203112,0.377,0.3293333333333333,0.7236666666666668,0.20366666666666666,0.3056666666666667,0.7123333333333334,,0.17333333333333334,0.023666666666666614,,0.011333333333333417,1610612751,0.244
2,2016-17,Steven Adams,203500,0.5710000000000001,0.0,0.611,0.33299999999999996,0.0,0.574,0.364,0.2380000000000001,0.0,0.247,0.03700000000000003,1610612760,0.573
3,2016-17,Arron Afflalo,201167,0.44,0.41100000000000003,0.892,0.36,0.28600000000000003,0.9440000000000001,,0.08000000000000002,0.125,,-0.052000000000000046,1610612758,0.39
4,2016-17,Alexis Ajinca,201582,0.5,0.0,0.725,0.7140000000000001,0.0,0.6,,-0.21400000000000008,0.0,,0.125,1610612740,0.415
5,2016-17,Cole Aldrich,202332,0.523,0.0,0.682,0.8,0.0,0.5710000000000001,,-0.277,0.0,,0.11099999999999999,1610612750,0.378
6,2016-17,LaMarcus Aldridge,200746,0.47700000000000004,0.41100000000000003,0.812,0.369,0.4,0.8029999999999999,0.764,0.10800000000000004,0.01100000000000001,0.04800000000000004,0.009000000000000119,1610612759,0.744
7,2016-17,Lavoy Allen,202730,0.45799999999999996,0.0,0.6970000000000001,0.294,0.0,0.33299999999999996,0.0,0.16399999999999998,0.0,0.6970000000000001,0.3640000000000001,1610612754,0.512
8,2016-17,Tony Allen,2754,0.461,0.278,0.615,0.325,0.14300000000000002,0.667,,0.136,0.135,,-0.052000000000000046,1610612763,0.524
9,2016-17,Al-Farouq Aminu,202329,0.39299999999999996,0.33,0.706,0.4,0.467,0.737,0.636,-0.007000000000000062,-0.137,0.06999999999999995,-0.031000000000000028,1610612757,0.5
10,2016-17,Chris Andersen,2365,0.409,0.0,0.7140000000000001,0.0,0.0,0.8,,0.409,0.0,,-0.08599999999999997,0,
11,2016-17,Alan Anderson,101187,0.375,0.318,0.75,0.0,0.0,0.8,,0.375,0.318,,-0.050000000000000044,1610612746,0.622
12,2016-17,Justin Anderson,1626147,0.4293333333333333,0.298,0.7886666666666667,0.34800000000000003,0.15,0.7963333333333334,,0.08133333333333326,0.148,,-0.0076666666666667105,1610612755,0.341
13,2016-17,Kyle Anderson,203937,0.445,0.375,0.789,0.261,0.33299999999999996,0.767,0.727,0.184,0.04200000000000004,0.062000000000000055,0.02200000000000002,1610612759,0.744
14,2016-17,Ryan Anderson,201583,0.418,0.40299999999999997,0.86,0.447,0.33299999999999996,0.833,0.875,-0.029000000000000026,0.07,-0.015000000000000013,0.027000000000000024,1610612745,0.671
15,2016-17,Giannis Antetokounmpo,203507,0.521,0.272,0.77,0.366,0.308,0.721,0.5429999999999999,0.15500000000000003,-0.035999999999999976,0.2270000000000001,0.049000000000000044,1610612749,0.512
16,2016-17,Carmelo Anthony,2546,0.433,0.359,0.833,0.353,0.316,0.802,,0.08000000000000002,0.04299999999999998,,0.030999999999999917,1610612752,0.378
17,2016-17,Joel Anthony,201202,0.625,0.0,0.625,0.0,0.0,0.0,0.0,0.625,0.0,0.625,0.625,1610612759,0.744
18,2016-17,Trevor Ariza,2772,0.409,0.344,0.738,0.41,0.263,0.92,0.929,-0.0010000000000000009,0.08099999999999996,-0.19100000000000006,-0.18200000000000005,1610612745,0.671
19,2016-17,Darrell Arthur,201589,0.442,0.45299999999999996,0.8640000000000001,0.444,0.667,1.0,,-0.0020000000000000018,-0.21400000000000008,,-0.1359999999999999,1610612743,0.488
20,2016-17,Omer Asik,201600,0.47700000000000004,0.0,0.59,0.33299999999999996,0.0,0.28600000000000003,,0.14400000000000007,0.0,,0.30399999999999994,1610612740,0.415
21,2016-17,D.J. Augustin,201571,0.377,0.34700000000000003,0.8140000000000001,0.182,0.231,0.889,,0.195,0.11600000000000002,,-0.07499999999999996,1610612753,0.354
22,2016-17,Luke Babbitt,202337,0.402,0.414,0.733,0.4,0.625,0.5,,0.0020000000000000018,-0.21100000000000002,,0.23299999999999998,1610612748,0.5
23,2016-17,Ron Baker,1627758,0.37799999999999995,0.267,0.6509999999999999,0.14300000000000002,0.2,0.75,,0.23499999999999993,0.067,,-0.09900000000000009,1610612752,0.378
24,2016-17,Wade Baldwin IV,1627735,0.313,0.136,0.838,0.11800000000000001,0.0,0.875,1.0,0.195,0.136,-0.16200000000000003,-0.03700000000000003,1610612763,0.524
25,2016-17,Leandro Barbosa,2571,0.439,0.35700000000000004,0.889,0.348,0.25,0.833,,0.09100000000000003,0.10700000000000004,,0.05600000000000005,1610612756,0.293
26,2016-17,J.J. Barea,200826,0.414,0.358,0.863,0.452,0.375,1.0,,-0.038000000000000034,-0.017000000000000015,,-0.137,1610612742,0.402
27,2016-17,Harrison Barnes,203084,0.46799999999999997,0.35100000000000003,0.861,0.451,0.179,0.873,,0.01699999999999996,0.17200000000000004,,-0.01200000000000001,1610612742,0.402
28,2016-17,Matt Barnes,2440,0.39899999999999997,0.3346666666666667,0.805,0.295,0.3333333333333333,0.7806666666666667,0.0,0.10399999999999998,0.0013333333333334085,0.805,0.024333333333333318,1610612744,0.817
29,2016-17,Will Barton,203115,0.44299999999999995,0.37,0.753,0.4,0.3,0.7829999999999999,,0.04299999999999993,0.07,,-0.029999999999999916,1610612743,0.488
30,2016-17,Brandon Bass,101138,0.575,0.33299999999999996,0.875,0.455,0.0,0.932,0.0,0.11999999999999994,0.33299999999999996,0.875,-0.05700000000000005,1610612746,0.622
31,2016-17,Nicolas Batum,201587,0.40299999999999997,0.33299999999999996,0.856,0.235,0.235,0.875,,0.16799999999999998,0.09799999999999998,,-0.019000000000000017,1610612766,0.439
32,2016-17,Jerryd Bayless,201573,0.344,0.4,0.9,0.25,0.5,1.0,,0.09399999999999997,-0.09999999999999998,,-0.09999999999999998,1610612755,0.341
33,2016-17,Aron Baynes,203382,0.513,0.0,0.84,0.7,0.0,0.8240000000000001,,-0.18699999999999994,0.0,,0.015999999999999903,1610612765,0.451
34,2016-17,Kent Bazemore,203145,0.409,0.34600000000000003,0.708,0.256,0.077,0.6729999999999999,0.7140000000000001,0.15299999999999997,0.269,-0.006000000000000116,0.03500000000000003,1610612737,0.524
35,2016-17,Bradley Beal,203078,0.48200000000000004,0.40399999999999997,0.825,0.32899999999999996,0.185,0.826,0.82,0.15300000000000008,0.21899999999999997,0.0050000000000000044,-0.0010000000000000009,1610612764,0.598
36,2016-17,Malik Beasley,1627736,0.452,0.321,0.8,0.0,0.0,0.75,,0.452,0.321,,0.050000000000000044,1610612743,0.488
37,2016-17,Michael Beasley,201563,0.532,0.419,0.743,0.4,0.0,0.7390000000000001,0.0,0.132,0.419,0.743,0.0039999999999998925,1610612749,0.512
38,2016-17,Marco Belinelli,201158,0.429,0.36,0.893,0.324,0.292,0.87,,0.10499999999999998,0.068,,0.02300000000000002,1610612766,0.439
39,2016-17,DeAndre' Bembry,1627761,0.48,0.055999999999999994,0.375,0.14300000000000002,0.0,0.385,,0.33699999999999997,0.055999999999999994,,-0.010000000000000009,1610612737,0.524
40,2016-17,Dragan Bender,1627733,0.354,0.27699999999999997,0.364,0.16699999999999998,0.25,0.16699999999999998,,0.187,0.02699999999999997,,0.197,1610612756,0.293
41,2016-17,Anthony Bennett,203461,0.413,0.271,0.722,0.0,0.0,0.7,,0.413,0.271,,0.02200000000000002,0,
42,2016-17,Ben Bentil,1627791,0.0,0.0,0.0,0.0,0.0,0.0,,0.0,0.0,,0.0,0,
43,2016-17,Davis Bertans,202722,0.44,0.39899999999999997,0.8240000000000001,0.35,0.25,0.875,0.667,0.09000000000000002,0.14899999999999997,0.15700000000000003,-0.050999999999999934,1610612759,0.744
44,2016-17,Patrick Beverley,201976,0.42,0.382,0.768,0.28600000000000003,0.28600000000000003,0.7190000000000001,0.7859999999999999,0.13399999999999995,0.09599999999999997,-0.017999999999999905,0.04899999999999993,1610612745,0.671
45,2016-17,Bismack Biyombo,202687,0.528,0.0,0.534,0.25,0.0,0.583,,0.278,0.0,,-0.04899999999999993,1610612753,0.354
46,2016-17,Nemanja Bjelica,202357,0.424,0.316,0.738,0.483,0.111,0.909,,-0.059,0.20500000000000002,,-0.17100000000000004,1610612750,0.378
47,2016-17,Tarik Black,204028,0.51,0.5,0.752,0.556,0.5,0.828,,-0.04600000000000004,0.0,,-0.07599999999999996,1610612747,0.317
48,2016-17,Eric Bledsoe,202339,0.434,0.335,0.847,0.27,0.243,0.838,,0.16399999999999998,0.09200000000000003,,0.009000000000000008,1610612756,0.293
49,2016-17,Bojan Bogdanovic,202711,0.44733333333333336,0.37166666666666665,0.9003333333333333,0.2313333333333333,0.14033333333333334,0.904,0.8440000000000001,0.21600000000000005,0.2313333333333333,0.056333333333333235,-0.003666666666666707,1610612764,0.598
50,2016-17,Andrew Bogut,101106,0.31266666666666665,0.0,0.182,0.625,0.0,1.0,,-0.31233333333333335,0.0,,-0.8180000000000001,0,
51,2016-17,Joel Bolomboy,1627762,0.563,0.25,0.5,1.0,0.0,0.5,0.0,-0.43700000000000006,0.25,0.5,0.0,1610612762,0.622
52,2016-17,Devin Booker,1626164,0.423,0.363,0.8320000000000001,0.365,0.366,0.8420000000000001,,0.057999999999999996,-0.0030000000000000027,,-0.010000000000000009,1610612756,0.293
53,2016-17,Trevor Booker,202344,0.516,0.321,0.6729999999999999,0.42100000000000004,0.2,0.647,,0.09499999999999997,0.121,,0.025999999999999912,1610612751,0.244
54,2016-17,Avery Bradley,202340,0.46299999999999997,0.39,0.731,0.324,0.3,0.757,0.778,0.13899999999999996,0.09000000000000002,-0.04700000000000004,-0.026000000000000023,1610612738,0.646
55,2016-17,Corey Brewer,201147,0.4246666666666667,0.22366666666666668,0.7373333333333333,0.5,0.26933333333333337,0.738,,-0.07533333333333331,-0.04566666666666669,,-0.0006666666666667043,1610612747,0.317
56,2016-17,Malcolm Brogdon,1627763,0.457,0.40399999999999997,0.865,0.315,0.368,0.8240000000000001,0.0,0.14200000000000002,0.035999999999999976,0.865,0.040999999999999925,1610612749,0.512
57,2016-17,Aaron Brooks,201166,0.40299999999999997,0.375,0.8,0.214,0.1,0.9229999999999999,0.0,0.18899999999999997,0.275,0.8,-0.12299999999999989,1610612754,0.512
58,2016-17,Anthony Brown,1626148,0.38166666666666665,0.2806666666666667,0.0,0.0,0.0,0.0,,0.38166666666666665,0.2806666666666667,,0.0,0,
59,2016-17,Bobby Brown,201628,0.38299999999999995,0.4,1.0,0.6,0.667,0.0,0.0,-0.21700000000000003,-0.267,1.0,1.0,1610612745,0.671
60,2016-17,Jaylen Brown,1627759,0.45399999999999996,0.341,0.685,0.344,0.308,0.6890000000000001,0.667,0.10999999999999999,0.03300000000000003,0.018000000000000016,-0.0040000000000000036,1610612738,0.646
61,2016-17,Nicolas Brussino,1627852,0.369,0.305,0.773,0.182,0.125,0.8,,0.187,0.18,,-0.027000000000000024,1610612742,0.402
62,2016-17,Reggie Bullock,203493,0.42200000000000004,0.384,0.7140000000000001,0.5,0.5,0.5,,-0.07799999999999996,-0.11599999999999999,,0.21400000000000008,1610612765,0.451
63,2016-17,Trey Burke,203504,0.455,0.44299999999999995,0.759,0.32,0.5710000000000001,0.7140000000000001,0.0,0.135,-0.1280000000000001,0.759,0.04499999999999993,1610612764,0.598
64,2016-17,Alec Burks,202692,0.39899999999999997,0.32899999999999996,0.769,0.375,0.091,0.826,,0.023999999999999966,0.23799999999999996,,-0.05699999999999994,1610612762,0.622
65,2016-17,Jimmy Butler,202710,0.455,0.36700000000000005,0.865,0.327,0.231,0.833,0.809,0.128,0.13600000000000004,0.05599999999999994,0.03200000000000003,1610612741,0.5
66,2016-17,Bruno Caboclo,203998,0.375,0.33299999999999996,0.0,0.0,0.0,0.0,,0.375,0.33299999999999996,,0.0,1610612761,0.622
67,2016-17,Jose Calderon,101181,0.41,0.311,0.9306666666666666,0.25,0.25,0.5713333333333334,0.0,0.15999999999999998,0.061,0.9306666666666666,0.3593333333333333,1610612737,0.524
68,2016-17,Kentavious Caldwell-Pope,203484,0.39899999999999997,0.35,0.8320000000000001,0.28600000000000003,0.25,0.7909999999999999,,0.11299999999999993,0.09999999999999998,,0.04100000000000015,1610612765,0.451
69,2016-17,Isaiah Canaan,203477,0.364,0.266,0.909,0.375,0.0,1.0,0.667,-0.01100000000000001,0.266,0.242,-0.09099999999999997,1610612741,0.5
70,2016-17,Clint Capela,203991,0.643,0.0,0.531,0.583,0.0,0.54,0.615,0.06000000000000005,0.0,-0.08399999999999996,-0.009000000000000008,1610612745,0.671
71,2016-17,DeMarre Carroll,201960,0.4,0.341,0.7609999999999999,0.359,0.42100000000000004,0.615,0.556,0.041000000000000036,-0.08000000000000002,0.20499999999999985,0.1459999999999999,1610612761,0.622
72,2016-17,Vince Carter,1713,0.39399999999999996,0.37799999999999995,0.765,0.429,0.381,0.7,1.0,-0.03500000000000003,-0.003000000000000058,-0.235,0.06500000000000006,1610612763,0.524
73,2016-17,Michael Carter-Williams,203487,0.366,0.23399999999999999,0.753,0.304,0.16699999999999998,0.7879999999999999,0.5,0.062,0.067,0.253,-0.03499999999999992,1610612741,0.5
74,2016-17,Omri Casspi,201956,0.49475,0.35700000000000004,0.4455,0.20825,0.0,0.3335,,0.28650000000000003,0.35700000000000004,,0.11199999999999999,1610612750,0.378
75,2016-17,Willie Cauley-Stein,1626161,0.53,0.0,0.669,0.47600000000000003,0.0,0.6940000000000001,,0.05399999999999999,0.0,,-0.025000000000000022,1610612758,0.39
76,2016-17,Tyson Chandler,2199,0.6709999999999999,0.0,0.7340000000000001,0.6,0.0,0.737,,0.07099999999999995,0.0,,-0.0029999999999998916,1610612756,0.293
77,2016-17,Wilson Chandler,201163,0.461,0.337,0.727,0.28300000000000003,0.192,0.7140000000000001,,0.178,0.14500000000000002,,0.0129999999999999,1610612743,0.488
78,2016-17,Marquese Chriss,1627737,0.449,0.321,0.624,0.43799999999999994,0.5,0.6,,0.011000000000000065,-0.179,,0.02400000000000002,1610612756,0.293
79,2016-17,Rakeem Christmas,1626176,0.442,0.0,0.7240000000000001,0.0,0.0,0.667,,0.442,0.0,,0.05700000000000005,1610612754,0.512
80,2016-17,Semaj Christon,203902,0.345,0.19,0.5479999999999999,0.292,0.111,0.5,0.0,0.05299999999999999,0.079,0.5479999999999999,0.04799999999999993,1610612760,0.573
81,2016-17,Ian Clark,203546,0.48700000000000004,0.374,0.759,0.379,0.385,0.633,0.941,0.10800000000000004,-0.01100000000000001,-0.18199999999999994,0.126,1610612744,0.817
82,2016-17,Jordan Clarkson,203903,0.445,0.32899999999999996,0.7979999999999999,0.33299999999999996,0.255,0.805,,0.11200000000000004,0.07399999999999995,,-0.007000000000000117,1610612747,0.317
83,2016-17,Norris Cole,202708,0.308,0.231,0.8,0.33299999999999996,0.0,0.667,0.0,-0.024999999999999967,0.231,0.8,0.133,1610612760,0.573
84,2016-17,Darren Collison,201954,0.47600000000000003,0.41700000000000004,0.86,0.33299999999999996,0.281,0.943,,0.14300000000000007,0.136,,-0.08299999999999996,1610612758,0.39
85,2016-17,Nick Collison,2555,0.609,0.0,0.625,1.0,0.0,0.6,,-0.391,0.0,,0.025000000000000022,1610612760,0.573
86,2016-17,Mike Conley,201144,0.46,0.408,0.8590000000000001,0.292,0.19,0.878,0.838,0.16800000000000004,0.21799999999999997,0.02100000000000013,-0.018999999999999906,1610612763,0.524
87,2016-17,Pat Connaughton,1626192,0.514,0.515,0.778,0.0,0.0,0.778,1.0,0.514,0.515,-0.22199999999999998,0.0,1610612757,0.5
88,2016-17,Quinn Cook,1626188,0.4923333333333333,0.4266666666666667,0.35566666666666674,0.0,0.0,0.5,,0.4923333333333333,0.4266666666666667,,-0.14433333333333326,1610612740,0.415
89,2016-17,DeMarcus Cousins,202326,0.452,0.3640000000000001,0.773,0.256,0.239,0.8260000000000001,,0.196,0.1250000000000001,,-0.05300000000000005,1610612740,0.415
90,2016-17,Robert Covington,203496,0.39899999999999997,0.33299999999999996,0.8220000000000001,0.389,0.41200000000000003,0.818,,0.009999999999999953,-0.07900000000000007,,0.004000000000000115,1610612755,0.341
91,2016-17,Allen Crabbe,203459,0.46799999999999997,0.444,0.847,0.387,0.308,0.9259999999999999,0.33299999999999996,0.08099999999999996,0.136,0.514,-0.07899999999999996,1610612757,0.5
92,2016-17,Jamal Crawford,2037,0.413,0.36,0.857,0.33299999999999996,0.293,0.862,1.0,0.08000000000000002,0.067,-0.14300000000000002,-0.0050000000000000044,1610612746,0.622
93,2016-17,Jordan Crawford,202348,0.48200000000000004,0.389,0.769,0.214,0.111,0.867,,0.268,0.278,,-0.09799999999999998,1610612740,0.415
94,2016-17,Jae Crowder,203109,0.46299999999999997,0.39799999999999996,0.8109999999999999,0.41700000000000004,0.314,0.816,0.833,0.04599999999999993,0.08399999999999996,-0.02200000000000002,-0.0050000000000000044,1610612738,0.646
95,2016-17,Dante Cunningham,201967,0.485,0.392,0.593,0.304,0.231,0.667,,0.181,0.161,,-0.07400000000000007,1610612740,0.415
96,2016-17,Seth Curry,203552,0.48100000000000004,0.425,0.85,0.27399999999999997,0.174,0.857,,0.20700000000000007,0.251,,-0.007000000000000006,1610612742,0.402
97,2016-17,Stephen Curry,201939,0.46799999999999997,0.41100000000000003,0.898,0.36200000000000004,0.28600000000000003,0.915,0.904,0.10599999999999993,0.125,-0.006000000000000005,-0.017000000000000015,1610612744,0.817
98,2016-17,Troy Daniels,203584,0.374,0.389,0.7959999999999999,0.276,0.33299999999999996,0.8240000000000001,0.0,0.09799999999999998,0.05600000000000005,0.7959999999999999,-0.028000000000000136,1610612763,0.524
99,2016-17,Anthony Davis,203076,0.505,0.299,0.802,0.39,0.0,0.785,,0.11499999999999999,0.299,,0.017000000000000015,1610612740,0.415
100,2016-17,Deyonta Davis,1627738,0.511,0.0,0.556,0.0,0.0,0.33299999999999996,0.5,0.511,0.0,0.05600000000000005,0.2230000000000001,1610612763,0.524
101,2016-17,Ed Davis,202334,0.528,0.0,0.617,0.25,0.0,0.583,,0.278,0.0,,0.03400000000000003,1610612757,0.5
102,2016-17,DeMar DeRozan,201942,0.467,0.266,0.8420000000000001,0.35700000000000004,0.294,0.82,0.888,0.10999999999999999,-0.02799999999999997,-0.04599999999999993,0.02200000000000013,1610612761,0.622
103,2016-17,Dewayne Dedmon,203473,0.622,0.0,0.6990000000000001,0.55,0.0,0.667,0.531,0.07199999999999995,0.0,0.16800000000000004,0.03200000000000003,1610612759,0.744
104,2016-17,Sam Dekker,1626155,0.473,0.321,0.5589999999999999,0.217,0.125,0.7140000000000001,0.0,0.256,0.196,0.5589999999999999,-0.15500000000000014,1610612745,0.671
105,2016-17,Malcolm Delaney,1627098,0.374,0.23600000000000002,0.8059999999999999,0.29,0.083,0.735,0.5,0.08400000000000002,0.15300000000000002,0.30599999999999994,0.07099999999999995,1610612737,0.524
106,2016-17,Matthew Dellavedova,203521,0.39,0.36700000000000005,0.8540000000000001,0.457,0.43799999999999994,0.815,0.8,-0.067,-0.0709999999999999,0.05400000000000005,0.039000000000000146,1610612749,0.512
107,2016-17,Luol Deng,2736,0.387,0.309,0.73,0.259,0.182,0.833,,0.128,0.127,,-0.10299999999999998,1610612747,0.317
108,2016-17,Cheick Diallo,1627767,0.474,0.0,0.7140000000000001,1.0,0.0,0.667,,-0.526,0.0,,0.04700000000000004,1610612740,0.415
109,2016-17,Boris Diaw,2564,0.446,0.247,0.743,0.255,0.077,0.5379999999999999,0.9,0.191,0.16999999999999998,-0.15700000000000003,0.20500000000000007,1610612762,0.622
110,2016-17,Gorgui Dieng,203476,0.502,0.37200000000000005,0.8140000000000001,0.41,0.2,0.583,,0.09200000000000003,0.17200000000000004,,0.2310000000000001,1610612750,0.378
111,2016-17,Spencer Dinwiddie,203915,0.444,0.376,0.792,0.321,0.133,0.797,,0.123,0.243,,-0.0050000000000000044,1610612751,0.244
112,2016-17,Toney Douglas,201962,0.368,0.16699999999999998,0.828,0.111,0.14300000000000002,0.773,,0.257,0.023999999999999966,,0.05499999999999994,0,
113,2016-17,Goran Dragic,201609,0.475,0.405,0.79,0.326,0.273,0.7440000000000001,,0.14899999999999997,0.132,,0.04599999999999993,1610612748,0.5
114,2016-17,Andre Drummond,203083,0.53,0.28600000000000003,0.386,0.386,0.5,0.392,,0.14400000000000002,-0.21399999999999997,,-0.006000000000000005,1610612765,0.451
115,2016-17,Jared Dudley,201162,0.45399999999999996,0.379,0.662,0.5,0.364,0.688,,-0.04600000000000004,0.015000000000000013,,-0.025999999999999912,1610612756,0.293
116,2016-17,Mike Dunleavy,2399,0.4203333333333334,0.392,0.7943333333333333,0.4430000000000001,0.4443333333333333,0.8693333333333332,1.0,-0.022666666666666724,-0.05233333333333329,-0.20566666666666666,-0.07499999999999984,1610612737,0.524
117,2016-17,Kris Dunn,1627739,0.377,0.28800000000000003,0.61,0.26899999999999996,0.111,0.5,,0.10800000000000004,0.17700000000000005,,0.10999999999999999,1610612750,0.378
118,2016-17,Kevin Durant,201142,0.537,0.375,0.875,0.341,0.267,0.8859999999999999,0.893,0.196,0.10799999999999998,-0.018000000000000016,-0.010999999999999899,1610612744,0.817
119,2016-17,Jarell Eddie,204067,0.316,0.25,0.889,0.0,0.0,0.75,,0.316,0.25,,0.139,0,
120,2016-17,Henry Ellenson,1627740,0.359,0.28600000000000003,0.5,0.25,0.5,0.5710000000000001,,0.10899999999999999,-0.21399999999999997,,-0.07100000000000006,1610612765,0.451
121,2016-17,Wayne Ellington,201961,0.41600000000000004,0.37799999999999995,0.86,0.444,0.4,0.818,,-0.02799999999999997,-0.022000000000000075,,0.04200000000000004,1610612748,0.5
122,2016-17,Monta Ellis,101145,0.44299999999999995,0.319,0.727,0.377,0.261,0.721,0.8,0.06599999999999995,0.057999999999999996,-0.07300000000000006,0.006000000000000005,1610612754,0.512
123,2016-17,Joel Embiid,203954,0.466,0.36700000000000005,0.7829999999999999,0.1,0.0,0.816,,0.366,0.36700000000000005,,-0.03300000000000003,1610612755,0.341
124,2016-17,Tyler Ennis,203898,0.425,0.3833333333333333,0.7903333333333333,0.5693333333333334,0.6616666666666667,0.9106666666666668,,-0.14433333333333337,-0.27833333333333343,,-0.12033333333333351,1610612747,0.317
125,2016-17,James Ennis III,203516,0.455,0.37200000000000005,0.782,0.47200000000000003,0.3,0.667,0.857,-0.017000000000000015,0.07200000000000006,-0.07499999999999996,0.11499999999999999,1610612763,0.524
126,2016-17,Tyreke Evans,201936,0.4063333333333334,0.3646666666666667,0.7440000000000001,0.39299999999999996,0.3583333333333333,0.7033333333333333,,0.01333333333333342,0.006333333333333413,,0.04066666666666685,1610612758,0.39
127,2016-17,Dante Exum,203957,0.42700000000000005,0.295,0.795,0.441,0.353,0.75,1.0,-0.013999999999999957,-0.057999999999999996,-0.20499999999999996,0.04500000000000004,1610612762,0.622
128,2016-17,Kenneth Faried,202702,0.5479999999999999,0.0,0.693,0.42100000000000004,0.0,0.644,,0.1269999999999999,0.0,,0.04899999999999993,1610612743,0.488
129,2016-17,Jordan Farmar,200770,0.33299999999999996,0.444,0.0,0.5,1.0,0.0,,-0.16700000000000004,-0.556,,0.0,0,
130,2016-17,Derrick Favors,202324,0.48700000000000004,0.3,0.615,0.5,0.0,0.55,0.478,-0.012999999999999956,0.3,0.137,0.06499999999999995,1610612762,0.622
131,2016-17,Kay Felder,1627770,0.392,0.318,0.7140000000000001,0.33299999999999996,1.0,0.778,,0.05900000000000005,-0.6819999999999999,,-0.06399999999999995,1610612739,0.622
132,2016-17,Cristiano Felicio,1626245,0.579,0.0,0.645,0.313,0.0,0.659,0.5,0.26599999999999996,0.0,0.14500000000000002,-0.014000000000000012,1610612741,0.5
133,2016-17,Raymond Felton,101109,0.43,0.319,0.7809999999999999,0.27,0.152,0.769,1.0,0.15999999999999998,0.167,-0.21900000000000008,0.0119999999999999,1610612746,0.622
134,2016-17,Yogi Ferrell,1627812,0.395,0.3616666666666665,0.7776666666666667,0.2906666666666667,0.322,0.6456666666666666,,0.10433333333333333,0.03966666666666652,,0.13200000000000012,1610612742,0.402
135,2016-17,Dorian Finney-Smith,1627827,0.37200000000000005,0.293,0.754,0.289,0.2,0.696,,0.08300000000000007,0.09299999999999997,,0.05800000000000005,1610612742,0.402
136,2016-17,Bryn Forbes,1627854,0.364,0.321,0.833,0.2,0.0,0.667,1.0,0.16399999999999998,0.321,-0.16700000000000004,0.16599999999999993,1610612759,0.744
137,2016-17,Evan Fournier,203095,0.439,0.35600000000000004,0.805,0.42,0.36,0.8059999999999999,,0.019000000000000017,-0.003999999999999948,,-0.0009999999999998899,1610612753,0.354
138,2016-17,Randy Foye,200751,0.363,0.33,0.857,0.33299999999999996,0.3,0.813,,0.030000000000000027,0.030000000000000027,,0.04400000000000004,1610612751,0.244
139,2016-17,Tim Frazier,204025,0.40299999999999997,0.313,0.76,0.231,0.25,0.7929999999999999,,0.17199999999999996,0.063,,-0.03299999999999992,1610612740,0.415
140,2016-17,Channing Frye,101112,0.45799999999999996,0.409,0.851,0.344,0.2,0.826,0.857,0.11399999999999999,0.20899999999999996,-0.006000000000000005,0.025000000000000022,1610612739,0.622
141,2016-17,Danilo Gallinari,201568,0.447,0.389,0.902,0.188,0.214,0.879,,0.259,0.17500000000000002,,0.02300000000000002,1610612743,0.488
142,2016-17,Langston Galloway,204038,0.386,0.414,0.8276666666666667,0.239,0.25566666666666665,0.8326666666666666,,0.14700000000000002,0.15833333333333333,,-0.004999999999999893,1610612758,0.39
143,2016-17,Patricio Garino,1627868,0.0,0.0,0.0,0.0,0.0,0.0,,0.0,0.0,,0.0,1610612753,0.354
144,2016-17,Marc Gasol,201188,0.45899999999999996,0.38799999999999996,0.8370000000000001,0.5,0.3,0.835,0.9390000000000001,-0.041000000000000036,0.08799999999999997,-0.10199999999999998,0.002000000000000113,1610612763,0.524
145,2016-17,Pau Gasol,2200,0.502,0.5379999999999999,0.7070000000000001,0.5,0.125,0.738,0.708,0.0020000000000000018,0.4129999999999999,-0.0009999999999998899,-0.030999999999999917,1610612759,0.744
146,2016-17,Rudy Gay,200752,0.455,0.37200000000000005,0.855,0.364,0.444,0.8240000000000001,,0.09100000000000003,-0.07199999999999995,,0.030999999999999917,1610612758,0.39
147,2016-17,Michael Gbinije,1627771,0.1,0.0,1.0,0.0,0.0,1.0,,0.1,0.0,,0.0,1610612765,0.451
148,2016-17,Alonzo Gee,202087,0.214,0.0,0.556,0.0,0.0,0.5,,0.214,0.0,,0.05600000000000005,0,
149,2016-17,Paul George,202331,0.461,0.39299999999999996,0.898,0.434,0.231,0.9229999999999999,0.867,0.027000000000000024,0.16199999999999995,0.031000000000000028,-0.02499999999999991,1610612754,0.512
150,2016-17,Marcus Georges-Hunt,1627875,0.28600000000000003,0.5,0.9,0.0,0.0,0.9,,0.28600000000000003,0.5,,0.0,1610612753,0.354
151,2016-17,Jonathan Gibson,1626780,0.368,0.33299999999999996,0.7240000000000001,0.2,0.0,0.625,,0.16799999999999998,0.33299999999999996,,0.09900000000000009,0,
152,2016-17,Taj Gibson,201959,0.511,0.466,0.7156666666666666,0.2703333333333333,0.0,0.852,0.875,0.2406666666666667,0.466,-0.15933333333333344,-0.13633333333333342,1610612760,0.573
153,2016-17,Manu Ginobili,1938,0.39,0.392,0.804,0.31,0.3,0.667,0.7390000000000001,0.08000000000000002,0.09200000000000003,0.06499999999999995,0.137,1610612759,0.744
154,2016-17,Rudy Gobert,203497,0.6609999999999999,0.0,0.653,0.55,0.0,0.624,0.48,0.11099999999999988,0.0,0.17300000000000004,0.029000000000000026,1610612762,0.622
155,2016-17,Archie Goodwin,203462,0.5006666666666667,0.38033333333333336,0.835,0.2063333333333333,0.3333333333333333,0.8653333333333334,,0.2943333333333334,0.04700000000000004,,-0.030333333333333434,1610612751,0.244
156,2016-17,Aaron Gordon,203932,0.45399999999999996,0.28800000000000003,0.7190000000000001,0.466,0.33299999999999996,0.88,,-0.012000000000000066,-0.04499999999999993,,-0.16099999999999992,1610612753,0.354
157,2016-17,Eric Gordon,201569,0.406,0.37200000000000005,0.84,0.381,0.33299999999999996,0.807,0.722,0.025000000000000022,0.03900000000000009,0.118,0.03299999999999992,1610612745,0.671
158,2016-17,Marcin Gortat,101162,0.579,0.0,0.648,0.462,0.0,0.625,0.611,0.11699999999999994,0.0,0.03700000000000003,0.02300000000000002,1610612764,0.598
159,2016-17,Treveon Graham,1626203,0.475,0.6,0.667,0.5710000000000001,0.5,0.625,,-0.09600000000000009,0.09999999999999998,,0.04200000000000004,1610612766,0.439
160,2016-17,Jerami Grant,203924,0.4283333333333333,0.2493333333333333,0.5770000000000001,0.06666666666666668,0.13333333333333333,0.3720000000000001,0.857,0.3616666666666666,0.11599999999999996,-0.2799999999999999,0.20499999999999996,1610612760,0.573
161,2016-17,Jerian Grant,1626170,0.425,0.366,0.89,0.345,0.182,0.9470000000000001,1.0,0.08000000000000002,0.184,-0.10999999999999999,-0.05700000000000005,1610612741,0.5
162,2016-17,Danny Green,201980,0.392,0.379,0.8440000000000001,0.298,0.29600000000000004,0.833,0.5710000000000001,0.09400000000000003,0.08299999999999996,0.273,0.01100000000000012,1610612759,0.744
163,2016-17,Draymond Green,203110,0.418,0.308,0.7090000000000001,0.353,0.364,0.625,0.687,0.065,-0.055999999999999994,0.02200000000000002,0.08400000000000007,1610612744,0.817
164,2016-17,Gerald Green,101123,0.409,0.35100000000000003,0.805,0.308,0.2,0.6,0.889,0.10099999999999998,0.15100000000000002,-0.08399999999999996,0.20500000000000007,1610612738,0.646
165,2016-17,JaMychal Green,203210,0.5,0.379,0.802,0.474,0.33299999999999996,0.86,1.0,0.026000000000000023,0.04600000000000004,-0.19799999999999995,-0.05799999999999994,1610612763,0.524
166,2016-17,Jeff Green,201145,0.39399999999999996,0.275,0.863,0.308,0.308,0.8809999999999999,,0.08599999999999997,-0.032999999999999974,,-0.017999999999999905,1610612753,0.354
167,2016-17,Blake Griffin,201933,0.493,0.336,0.76,0.316,0.34299999999999997,0.727,1.0,0.177,-0.006999999999999951,-0.24,0.03300000000000003,1610612746,0.622
168,2016-17,Justin Hamilton,203120,0.45899999999999996,0.306,0.75,0.21100000000000002,0.16699999999999998,0.8,,0.24799999999999994,0.139,,-0.050000000000000044,1610612751,0.244
169,2016-17,AJ Hammons,1627773,0.405,0.5,0.45,0.0,0.0,0.5,,0.405,0.5,,-0.04999999999999999,1610612742,0.402
170,2016-17,Tim Hardaway Jr.,203501,0.455,0.35700000000000004,0.7659999999999999,0.262,0.24,0.762,0.632,0.193,0.11700000000000005,0.1339999999999999,0.0039999999999998925,1610612737,0.524
171,2016-17,James Harden,201935,0.44,0.34700000000000003,0.847,0.307,0.25,0.784,0.878,0.133,0.09700000000000003,-0.031000000000000028,0.06299999999999994,1610612745,0.671
172,2016-17,Maurice Harkless,203090,0.503,0.35100000000000003,0.621,0.344,0.214,0.625,0.875,0.15900000000000003,0.13700000000000004,-0.254,-0.0040000000000000036,1610612757,0.5
173,2016-17,Justin Harper,202712,0.41700000000000004,0.28600000000000003,0.0,0.0,0.0,0.0,,0.41700000000000004,0.28600000000000003,,0.0,0,
174,2016-17,Montrezl Harrell,1626149,0.652,0.14300000000000002,0.628,0.47100000000000003,0.5,0.607,0.5,0.181,-0.357,0.128,0.02100000000000002,1610612745,0.671
175,2016-17,Devin Harris,2734,0.39899999999999997,0.32799999999999996,0.8290000000000001,0.29,0.294,0.8079999999999999,,0.10899999999999999,0.033999999999999975,,0.02100000000000013,1610612742,0.402
176,2016-17,Gary Harris,203914,0.502,0.42,0.7759999999999999,0.47100000000000003,0.524,0.774,,0.030999999999999972,-0.10400000000000004,,0.0019999999999998908,1610612743,0.488
177,2016-17,Joe Harris,203925,0.425,0.385,0.7140000000000001,0.462,0.33299999999999996,0.75,,-0.03700000000000003,0.052000000000000046,,-0.03599999999999992,1610612751,0.244
178,2016-17,Manny Harris,202412,0.2,0.0,0.5,0.0,0.0,0.5,,0.2,0.0,,0.0,1610612742,0.402
179,2016-17,Tobias Harris,202699,0.48100000000000004,0.34700000000000003,0.841,0.474,0.2,0.774,,0.007000000000000062,0.14700000000000002,,0.06699999999999995,1610612765,0.451
180,2016-17,Aaron Harrison,1626151,0.0,0.0,0.5,0.0,0.0,0.5,,0.0,0.0,,0.0,0,
181,2016-17,Andrew Harrison,1626150,0.325,0.276,0.763,0.18899999999999997,0.20800000000000002,0.792,0.889,0.13600000000000004,0.068,-0.126,-0.029000000000000026,1610612763,0.524
182,2016-17,Udonis Haslem,2617,0.478,0.0,0.6,0.33299999999999996,0.0,0.5,,0.14500000000000002,0.0,,0.09999999999999998,1610612748,0.5
183,2016-17,Spencer Hawes,201150,0.4896666666666666,0.3153333333333333,0.8353333333333334,0.3513333333333333,0.15,0.9093333333333332,0.0,0.1383333333333333,0.1653333333333333,0.8353333333333334,-0.07399999999999984,1610612749,0.512
184,2016-17,Gordon Hayward,202330,0.47100000000000003,0.39799999999999996,0.8440000000000001,0.315,0.522,0.8009999999999999,0.934,0.15600000000000003,-0.12400000000000005,-0.08999999999999997,0.04300000000000015,1610612762,0.622
185,2016-17,Gerald Henderson,201945,0.423,0.353,0.8059999999999999,0.396,0.41200000000000003,0.852,,0.02699999999999997,-0.05900000000000005,,-0.04600000000000004,1610612755,0.341
186,2016-17,John Henson,203089,0.515,0.0,0.6920000000000001,0.435,0.0,0.81,1.0,0.08000000000000002,0.0,-0.30799999999999994,-0.118,1610612749,0.512
187,2016-17,Juan Hernangomez,1627823,0.451,0.40700000000000003,0.75,0.4,0.5,0.727,,0.05099999999999999,-0.09299999999999997,,0.02300000000000002,1610612743,0.488
188,2016-17,Willy Hernangomez,1626195,0.529,0.267,0.728,0.485,0.33299999999999996,0.7140000000000001,,0.04400000000000004,-0.06599999999999995,,0.013999999999999901,1610612752,0.378
189,2016-17,Mario Hezonja,1626209,0.355,0.299,0.8,0.16699999999999998,0.188,0.8640000000000001,,0.188,0.11099999999999999,,-0.06400000000000006,1610612753,0.354
190,2016-17,Roy Hibbert,201579,0.5843333333333334,0.0,0.5419999999999999,0.4,0.0,0.4166666666666667,,0.18433333333333335,0.0,,0.12533333333333324,1610612743,0.488
191,2016-17,Buddy Hield,1627741,0.433,0.396,0.8450000000000001,0.20333333333333334,0.10233333333333333,0.8766666666666666,,0.22966666666666666,0.2936666666666667,,-0.03166666666666651,1610612758,0.39
192,2016-17,Nene,2403,0.617,0.33299999999999996,0.589,0.46399999999999997,0.0,0.639,0.581,0.15300000000000002,0.33299999999999996,0.008000000000000007,-0.050000000000000044,1610612745,0.671
193,2016-17,George Hill,201588,0.47700000000000004,0.40299999999999997,0.8009999999999999,0.344,0.214,0.818,0.7240000000000001,0.13300000000000006,0.18899999999999997,0.07699999999999985,-0.017000000000000015,1610612762,0.622
194,2016-17,Jordan Hill,201941,0.385,0.0,1.0,1.0,0.0,1.0,,-0.615,0.0,,0.0,1610612750,0.378
195,2016-17,Solomon Hill,203524,0.38299999999999995,0.348,0.805,0.33299999999999996,0.25,0.696,,0.04999999999999999,0.09799999999999998,,0.1090000000000001,1610612740,0.415
196,2016-17,Darrun Hilliard,1626199,0.373,0.261,0.75,0.5,0.5,0.75,,-0.127,-0.239,,0.0,1610612765,0.451
197,2016-17,Jrue Holiday,201950,0.45399999999999996,0.35600000000000004,0.708,0.405,0.25,0.6809999999999999,,0.04899999999999993,0.10600000000000004,,0.027000000000000024,1610612740,0.415
198,2016-17,Justin Holiday,203200,0.433,0.355,0.825,0.5,0.5,0.846,,-0.067,-0.14500000000000002,,-0.02100000000000002,1610612752,0.378
199,2016-17,Rondae Hollis-Jefferson,1626178,0.434,0.22399999999999998,0.7509999999999999,0.34600000000000003,0.0,0.78,,0.08799999999999997,0.22399999999999998,,-0.029000000000000137,1610612751,0.244
200,2016-17,Richaun Holmes,1626158,0.5579999999999999,0.35100000000000003,0.6990000000000001,0.25,0.0,0.828,,0.30799999999999994,0.35100000000000003,,-0.1289999999999999,1610612755,0.341
201,2016-17,Rodney Hood,203918,0.408,0.371,0.7829999999999999,0.413,0.436,0.878,0.611,-0.0050000000000000044,-0.065,0.17199999999999993,-0.09500000000000008,1610612762,0.622
202,2016-17,Al Horford,201143,0.473,0.355,0.8,0.271,0.231,0.87,0.759,0.20199999999999996,0.12399999999999997,0.041000000000000036,-0.06999999999999995,1610612738,0.646
203,2016-17,Danuel House,1627863,0.0,0.0,0.0,,,0.0,,,,,0.0,0,
204,2016-17,Dwight Howard,2730,0.633,0.0,0.5329999999999999,0.667,0.0,0.5820000000000001,0.632,-0.03400000000000003,0.0,-0.09900000000000009,-0.049000000000000155,1610612737,0.524
205,2016-17,Marcelo Huertas,1626273,0.368,0.21100000000000002,0.529,0.28600000000000003,0.33299999999999996,0.5379999999999999,,0.08199999999999996,-0.12199999999999994,,-0.008999999999999897,0,
206,2016-17,Josh Huestis,203962,0.545,0.5,0.0,0.0,0.0,0.0,,0.545,0.5,,0.0,1610612760,0.573
207,2016-17,Kris Humphries,2743,0.40700000000000003,0.35200000000000004,0.78,0.474,0.2,0.815,0.0,-0.06699999999999995,0.15200000000000002,0.78,-0.03499999999999992,1610612737,0.524
208,2016-17,RJ Hunter,1626154,0.0,0.0,0.0,0.0,0.0,0.0,,0.0,0.0,,0.0,0,
209,2016-17,Serge Ibaka,201586,0.4756666666666667,0.39233333333333337,0.8613333333333334,0.4543333333333333,0.4523333333333333,0.8919999999999999,0.846,0.02133333333333337,-0.05999999999999994,0.015333333333333421,-0.03066666666666651,1610612761,0.622
210,2016-17,Andre Iguodala,2738,0.528,0.36200000000000004,0.706,0.6,0.41700000000000004,0.565,0.5770000000000001,-0.07199999999999995,-0.05499999999999999,0.1289999999999999,0.14100000000000001,1610612744,0.817
211,2016-17,Ersan Ilyasova,101141,0.4145,0.3275,0.5865,0.259,0.1495,0.61375,0.778,0.15549999999999997,0.17800000000000002,-0.1915,-0.027249999999999996,1610612737,0.524
212,2016-17,Joe Ingles,204060,0.452,0.441,0.735,0.34,0.375,0.607,0.667,0.11199999999999999,0.066,0.06799999999999995,0.128,1610612762,0.622
213,2016-17,Brandon Ingram,1627742,0.402,0.294,0.621,0.309,0.105,0.667,,0.09300000000000003,0.189,,-0.04600000000000004,1610612747,0.317
214,2016-17,Kyrie Irving,202681,0.473,0.401,0.905,0.35,0.26899999999999996,0.914,0.905,0.123,0.13200000000000006,0.0,-0.009000000000000008,1610612739,0.622
215,2016-17,Jarrett Jack,101127,0.667,0.0,1.0,0.0,0.0,1.0,,0.667,0.0,,0.0,0,
216,2016-17,Demetrius Jackson,1627743,0.75,1.0,0.5,0.0,0.0,0.5,,0.75,1.0,,0.0,1610612738,0.646
217,2016-17,Pierre Jackson,203510,0.33299999999999996,0.273,0.857,1.0,1.0,0.8,,-0.667,-0.727,,0.05699999999999994,0,
218,2016-17,Reggie Jackson,202704,0.419,0.359,0.868,0.255,0.222,0.833,,0.16399999999999998,0.13699999999999998,,0.03500000000000003,1610612765,0.451
219,2016-17,LeBron James,2544,0.5479999999999999,0.363,0.674,0.385,0.395,0.68,0.698,0.16299999999999992,-0.03200000000000003,-0.02399999999999991,-0.006000000000000005,1610612739,0.622
220,2016-17,Al Jefferson,2744,0.499,0.0,0.765,0.33299999999999996,0.0,0.8,,0.16600000000000004,0.0,,-0.03500000000000003,1610612754,0.512
221,2016-17,Richard Jefferson,2210,0.446,0.33299999999999996,0.741,0.345,0.33299999999999996,0.6759999999999999,0.643,0.10100000000000003,0.0,0.09799999999999998,0.06500000000000006,1610612739,0.622
222,2016-17,John Jenkins,203098,0.4,0.5,1.0,0.0,0.0,1.0,,0.4,0.5,,0.0,0,
223,2016-17,Brandon Jennings,201943,0.3376666666666666,0.2883333333333333,0.7373333333333333,0.22766666666666666,0.07666666666666666,0.8613333333333334,0.875,0.10999999999999996,0.21166666666666661,-0.13766666666666671,-0.12400000000000011,1610612764,0.598
224,2016-17,Jonas Jerebko,201973,0.435,0.34600000000000003,0.703,0.5710000000000001,0.5,0.667,1.0,-0.13600000000000007,-0.15399999999999997,-0.29700000000000004,0.03599999999999992,1610612738,0.646
225,2016-17,Amir Johnson,101161,0.5760000000000001,0.409,0.67,0.5,1.0,0.6,0.625,0.07600000000000007,-0.591,0.04500000000000004,0.07000000000000006,1610612738,0.646
226,2016-17,Brice Johnson,1627744,0.28600000000000003,0.0,0.0,1.0,0.0,0.0,,-0.714,0.0,,0.0,1610612746,0.622
227,2016-17,James Johnson,201949,0.479,0.34,0.7070000000000001,0.27899999999999997,0.226,0.7090000000000001,,0.2,0.11400000000000002,,-0.0020000000000000018,1610612748,0.5
228,2016-17,Joe Johnson,2207,0.436,0.41100000000000003,0.818,0.322,0.359,0.88,0.733,0.11399999999999999,0.052000000000000046,0.08499999999999996,-0.062000000000000055,1610612762,0.622
229,2016-17,Stanley Johnson,1626169,0.353,0.292,0.679,0.265,0.33299999999999996,0.64,,0.08799999999999997,-0.04099999999999998,,0.039000000000000035,1610612765,0.451
230,2016-17,Tyler Johnson,204020,0.433,0.37200000000000005,0.768,0.317,0.25,0.742,,0.11599999999999999,0.12200000000000005,,0.026000000000000023,1610612748,0.5
231,2016-17,Wesley Johnson,202325,0.365,0.24600000000000002,0.647,0.455,0.5,1.0,0.5,-0.09000000000000002,-0.254,0.14700000000000002,-0.353,1610612746,0.622
232,2016-17,Nikola Jokic,203999,0.578,0.324,0.825,0.47200000000000003,0.25,0.7759999999999999,,0.10599999999999993,0.07400000000000001,,0.049000000000000044,1610612743,0.488
233,2016-17,Dahntay Jones,2563,0.375,0.0,0.75,0.0,0.0,0.75,1.0,0.375,0.0,-0.25,0.0,1610612739,0.622
234,2016-17,Damian Jones,1627745,0.5,0.0,0.3,0.5,0.0,0.375,0.5,0.0,0.0,-0.2,-0.07500000000000001,1610612744,0.817
235,2016-17,James Jones,2592,0.478,0.47,0.65,0.5,0.667,0.7140000000000001,0.0,-0.02200000000000002,-0.19700000000000006,0.65,-0.06400000000000006,1610612739,0.622
236,2016-17,Terrence Jones,203093,0.314,0.16866666666666666,0.404,0.214,0.09533333333333333,0.36733333333333335,,0.1,0.07333333333333333,,0.03666666666666668,0,
237,2016-17,Tyus Jones,1626145,0.414,0.35600000000000004,0.767,0.5,0.4,0.8,,-0.08600000000000002,-0.043999999999999984,,-0.03300000000000003,1610612750,0.378
238,2016-17,Derrick Jones Jr.,1627884,0.562,0.273,0.7070000000000001,1.0,1.0,0.857,,-0.43799999999999994,-0.727,,-0.1499999999999999,1610612756,0.293
239,2016-17,DeAndre Jordan,201599,0.7140000000000001,0.0,0.48200000000000004,0.636,0.0,0.47700000000000004,0.39299999999999996,0.07800000000000007,0.0,0.08900000000000008,0.0050000000000000044,1610612746,0.622
240,2016-17,Cory Joseph,202709,0.452,0.35600000000000004,0.77,0.33299999999999996,0.2,0.81,1.0,0.11900000000000005,0.15600000000000003,-0.22999999999999998,-0.040000000000000036,1610612761,0.622
241,2016-17,Frank Kaminsky,1626163,0.39899999999999997,0.32799999999999996,0.7559999999999999,0.32299999999999995,0.214,0.735,,0.07600000000000001,0.11399999999999996,,0.020999999999999908,1610612766,0.439
242,2016-17,Enes Kanter,202683,0.545,0.132,0.7859999999999999,0.513,0.0,0.818,1.0,0.03200000000000003,0.132,-0.21400000000000008,-0.03200000000000003,1610612760,0.573
243,2016-17,Ryan Kelly,203527,0.28600000000000003,0.4,0.833,0.0,0.0,0.5,,0.28600000000000003,0.4,,0.33299999999999996,1610612737,0.524
244,2016-17,Michael Kidd-Gilchrist,203077,0.47700000000000004,0.111,0.784,0.21899999999999997,0.0,0.7859999999999999,,0.25800000000000006,0.111,,-0.0019999999999998908,1610612766,0.439
245,2016-17,Sean Kilpatrick,203930,0.415,0.341,0.843,0.25,0.083,0.905,,0.16499999999999998,0.258,,-0.062000000000000055,1610612751,0.244
246,2016-17,Brandon Knight,202688,0.39799999999999996,0.324,0.857,0.41700000000000004,0.6,0.8859999999999999,,-0.019000000000000072,-0.27599999999999997,,-0.028999999999999915,1610612756,0.293
247,2016-17,Kyle Korver,2594,0.4633333333333334,0.4483333333333333,0.909,0.5503333333333333,0.5743333333333334,0.8663333333333334,1.0,-0.08699999999999997,-0.12600000000000006,-0.09099999999999997,0.04266666666666663,1610612739,0.622
248,2016-17,Kosta Koufos,201585,0.551,0.0,0.613,0.35,0.0,0.7,,0.20100000000000007,0.0,,-0.08699999999999997,1610612758,0.39
249,2016-17,Mindaugas Kuzminskas,1627851,0.428,0.321,0.809,0.43799999999999994,0.429,0.875,,-0.009999999999999953,-0.10799999999999998,,-0.06599999999999995,1610612752,0.378
250,2016-17,Zach LaVine,203897,0.45899999999999996,0.387,0.836,0.353,0.259,0.846,,0.10599999999999998,0.128,,-0.010000000000000009,1610612750,0.378
251,2016-17,Skal Labissiere,1627746,0.537,0.375,0.703,0.389,0.0,0.758,,0.14800000000000002,0.375,,-0.05500000000000005,1610612758,0.39
252,2016-17,Jeremy Lamb,203087,0.46,0.281,0.853,0.225,0.17600000000000002,0.87,,0.23500000000000001,0.10500000000000001,,-0.017000000000000015,1610612766,0.439
253,2016-17,Nicolas Laprovittola,1627879,0.426,0.37,1.0,0.14300000000000002,0.2,1.0,,0.283,0.16999999999999998,,0.0,0,
254,2016-17,Joffrey Lauvergne,203530,0.4323333333333334,0.32766666666666666,0.6226666666666666,0.16566666666666666,0.10333333333333332,0.6223333333333334,1.0,0.2666666666666667,0.22433333333333333,-0.3773333333333334,0.0003333333333331856,1610612741,0.5
255,2016-17,Ty Lawson,201951,0.45399999999999996,0.28800000000000003,0.797,0.318,0.188,0.684,,0.13599999999999995,0.10000000000000003,,0.11299999999999999,1610612758,0.39
256,2016-17,Jake Layman,1627774,0.292,0.255,0.765,0.0,0.0,0.769,0.5,0.292,0.255,0.265,-0.0040000000000000036,1610612757,0.5
257,2016-17,Caris LeVert,1627747,0.45,0.321,0.72,0.25,0.2,0.773,,0.2,0.121,,-0.05300000000000005,1610612751,0.244
258,2016-17,Courtney Lee,201584,0.456,0.401,0.867,0.41200000000000003,0.34600000000000003,0.87,,0.043999999999999984,0.05499999999999999,,-0.0030000000000000027,1610612752,0.378
259,2016-17,David Lee,101135,0.59,0.0,0.708,0.28600000000000003,0.0,0.5379999999999999,0.647,0.30399999999999994,0.0,0.06099999999999994,0.17000000000000004,1610612759,0.744
260,2016-17,Alex Len,203458,0.49700000000000005,0.25,0.721,0.28600000000000003,0.0,0.732,,0.21100000000000002,0.25,,-0.01100000000000001,1610612756,0.293
261,2016-17,Kawhi Leonard,202695,0.485,0.38,0.88,0.37200000000000005,0.265,0.855,0.9309999999999999,0.11299999999999993,0.11499999999999999,-0.050999999999999934,0.025000000000000022,1610612759,0.744
262,2016-17,Meyers Leonard,203086,0.386,0.34700000000000003,0.875,0.233,0.182,0.75,0.0,0.153,0.16500000000000004,0.875,0.125,1610612757,0.5
263,2016-17,Jon Leuer,202720,0.48,0.293,0.867,0.444,0.2,0.8859999999999999,,0.035999999999999976,0.09299999999999997,,-0.018999999999999906,1610612765,0.451
264,2016-17,DeAndre Liggins,202732,0.423,0.2493333333333333,0.638,0.19066666666666665,0.6666666666666666,0.3586666666666667,,0.23233333333333334,-0.41733333333333333,,0.2793333333333333,1610612742,0.402
265,2016-17,Damian Lillard,203081,0.444,0.37,0.895,0.35100000000000003,0.111,0.917,0.96,0.09299999999999997,0.259,-0.06499999999999995,-0.02200000000000002,1610612757,0.5
266,2016-17,Jeremy Lin,202391,0.43799999999999994,0.37200000000000005,0.816,0.222,0.0,0.902,,0.21599999999999994,0.37200000000000005,,-0.08600000000000008,1610612751,0.244
267,2016-17,Shaun Livingston,2733,0.547,0.33299999999999996,0.7,0.45,0.5,0.6970000000000001,0.7140000000000001,0.09700000000000003,-0.16700000000000004,-0.014000000000000123,0.0029999999999998916,1610612744,0.817
268,2016-17,Shawn Long,1627848,0.56,0.368,0.5429999999999999,0.0,0.0,0.5329999999999999,,0.56,0.368,,0.010000000000000009,1610612755,0.341
269,2016-17,Kevon Looney,1626172,0.523,0.222,0.618,0.5,0.0,0.5,,0.02300000000000002,0.222,,0.118,1610612744,0.817
270,2016-17,Brook Lopez,201572,0.474,0.34600000000000003,0.81,0.317,0.41200000000000003,0.8,,0.15699999999999997,-0.066,,0.010000000000000009,1610612751,0.244
271,2016-17,Robin Lopez,201577,0.493,0.0,0.721,0.382,0.0,0.833,1.0,0.11099999999999999,0.0,-0.279,-0.11199999999999999,1610612741,0.5
272,2016-17,Kevin Love,201567,0.42700000000000005,0.373,0.871,0.375,0.348,0.836,0.84,0.052000000000000046,0.025000000000000022,0.031000000000000028,0.03500000000000003,1610612739,0.622
273,2016-17,Kyle Lowry,200768,0.46399999999999997,0.41200000000000003,0.8190000000000001,0.41700000000000004,0.41700000000000004,0.795,0.818,0.04699999999999993,-0.0050000000000000044,0.001000000000000112,0.02400000000000002,1610612761,0.622
274,2016-17,John Lucas III,101249,0.25,0.0,0.0,0.0,0.0,0.0,,0.25,0.0,,0.0,0,
275,2016-17,Timothe Luwawu-Cabarrot,1627789,0.402,0.311,0.8540000000000001,0.25,0.231,0.8540000000000001,,0.15200000000000002,0.07999999999999999,,0.0,1610612755,0.341
276,2016-17,Trey Lyles,1626168,0.36200000000000004,0.319,0.722,0.35100000000000003,0.308,0.794,0.0,0.01100000000000001,0.01100000000000001,0.722,-0.07200000000000006,1610612762,0.622
277,2016-17,Shelvin Mack,202714,0.446,0.308,0.688,0.414,0.28600000000000003,0.718,0.867,0.03200000000000003,0.021999999999999964,-0.17900000000000005,-0.030000000000000027,1610612762,0.622
278,2016-17,Ian Mahinmi,101133,0.586,0.0,0.573,0.222,0.0,0.8,0.364,0.364,0.0,0.20899999999999996,-0.2270000000000001,1610612764,0.598
279,2016-17,Thon Maker,1627748,0.45899999999999996,0.37799999999999995,0.653,0.5,0.25,0.565,0.818,-0.041000000000000036,0.12799999999999995,-0.16499999999999992,0.08800000000000008,1610612749,0.512
280,2016-17,Boban Marjanovic,1626246,0.545,0.0,0.81,1.0,0.0,0.794,,-0.45499999999999996,0.0,,0.016000000000000014,1610612765,0.451
281,2016-17,Jarell Martin,1626185,0.384,0.36,0.8,0.385,0.0,0.5379999999999999,0.0,-0.0010000000000000009,0.36,0.8,0.2620000000000001,1610612763,0.524
282,2016-17,Wesley Matthews,202083,0.39299999999999996,0.363,0.816,0.264,0.231,0.767,,0.12899999999999995,0.13199999999999998,,0.04899999999999993,1610612742,0.402
283,2016-17,Luc Mbah a Moute,201601,0.505,0.391,0.6779999999999999,0.4,0.28600000000000003,0.0,0.7,0.10499999999999998,0.10499999999999998,-0.02200000000000002,0.6779999999999999,1610612746,0.622
284,2016-17,James Michael McAdoo,203949,0.53,0.25,0.5,0.429,0.0,0.43799999999999994,0.667,0.10100000000000003,0.25,-0.16700000000000004,0.062000000000000055,1610612744,0.817
285,2016-17,Patrick McCaw,1627775,0.433,0.33299999999999996,0.784,0.273,0.5,0.9,0.846,0.15999999999999998,-0.16700000000000004,-0.061999999999999944,-0.11599999999999999,1610612744,0.817
286,2016-17,Sheldon McClellan,1627815,0.4,0.233,0.852,0.75,0.5,0.8,1.0,-0.35,-0.267,-0.14800000000000002,0.051999999999999935,1610612764,0.598
287,2016-17,CJ McCollum,203468,0.48,0.42100000000000004,0.912,0.444,0.278,0.93,0.938,0.035999999999999976,0.14300000000000002,-0.025999999999999912,-0.018000000000000016,1610612757,0.5
288,2016-17,T.J. McConnell,204456,0.461,0.2,0.8109999999999999,0.244,0.33299999999999996,0.784,,0.21700000000000003,-0.13299999999999995,,0.026999999999999913,1610612755,0.341
289,2016-17,Chris McCullough,1626191,0.3386666666666667,0.10333333333333332,0.5890000000000001,0.0,0.0,0.5890000000000001,,0.3386666666666667,0.10333333333333332,,0.0,1610612764,0.598
290,2016-17,KJ McDaniels,203909,0.4556666666666666,0.306,0.8543333333333333,0.4576666666666666,0.611,0.7869999999999999,,-0.0020000000000000018,-0.305,,0.06733333333333336,1610612751,0.244
291,2016-17,Doug McDermott,203926,0.44799999999999995,0.36833333333333335,0.8106666666666666,0.5223333333333334,0.22533333333333336,0.7856666666666667,0.0,-0.07433333333333347,0.143,0.8106666666666666,0.02499999999999991,1610612760,0.573
292,2016-17,JaVale McGee,201580,0.652,0.0,0.505,0.364,0.0,0.4,0.722,0.28800000000000003,0.0,-0.21699999999999997,0.10499999999999998,1610612744,0.817
293,2016-17,Rodney McGruder,203585,0.413,0.332,0.62,0.23399999999999999,0.15,0.41700000000000004,,0.179,0.18200000000000002,,0.20299999999999996,1610612748,0.5
294,2016-17,Ben McLemore,203463,0.43,0.382,0.753,0.16699999999999998,0.25,0.581,,0.263,0.132,,0.17200000000000004,1610612758,0.39
295,2016-17,Jordan McRae,203895,0.387,0.353,0.794,0.294,0.25,0.765,,0.09300000000000003,0.10299999999999998,,0.029000000000000026,0,
296,2016-17,Josh McRoberts,201177,0.373,0.419,0.667,0.3,0.33299999999999996,0.0,,0.07300000000000001,0.08600000000000002,,0.667,1610612748,0.5
297,2016-17,Jodie Meeks,201975,0.402,0.409,0.878,0.625,0.7140000000000001,0.9259999999999999,,-0.22299999999999998,-0.3050000000000001,,-0.04799999999999993,1610612753,0.354
298,2016-17,Salah Mejri,1626257,0.642,0.33299999999999996,0.59,0.556,0.0,0.5,,0.08599999999999997,0.33299999999999996,,0.08999999999999997,1610612742,0.402
299,2016-17,Jordan Mickey,1626175,0.441,0.0,0.5710000000000001,0.0,0.0,0.4,0.0,0.441,0.0,0.5710000000000001,0.17100000000000004,1610612738,0.646
300,2016-17,Khris Middleton,203114,0.45,0.433,0.88,0.281,0.462,0.821,0.818,0.16899999999999998,-0.029000000000000026,0.062000000000000055,0.05900000000000005,1610612749,0.512
301,2016-17,CJ Miles,101139,0.434,0.413,0.903,0.395,0.33299999999999996,0.818,1.0,0.03899999999999998,0.08000000000000002,-0.09699999999999998,0.08500000000000008,1610612754,0.512
302,2016-17,Mike Miller,2034,0.391,0.4,1.0,0.0,0.0,1.0,,0.391,0.4,,0.0,1610612743,0.488
303,2016-17,Patty Mills,201988,0.44,0.414,0.825,0.29600000000000004,0.33299999999999996,0.773,0.8640000000000001,0.14399999999999996,0.08100000000000002,-0.039000000000000146,0.051999999999999935,1610612759,0.744
304,2016-17,Elijah Millsap,202407,0.14300000000000002,0.0,0.5,0.0,0.0,0.5,,0.14300000000000002,0.0,,0.0,1610612756,0.293
305,2016-17,Paul Millsap,200794,0.442,0.311,0.768,0.26,0.304,0.787,0.8109999999999999,0.182,0.007000000000000006,-0.04299999999999993,-0.019000000000000017,1610612737,0.524
306,2016-17,Nikola Mirotic,202703,0.413,0.342,0.773,0.355,0.16699999999999998,0.758,0.8,0.057999999999999996,0.17500000000000004,-0.027000000000000024,0.015000000000000013,1610612741,0.5
307,2016-17,Greg Monroe,202328,0.5329999999999999,0.0,0.741,0.522,0.0,0.758,0.833,0.010999999999999899,0.0,-0.09199999999999997,-0.017000000000000015,1610612749,0.512
308,2016-17,E'Twaun Moore,202734,0.457,0.37,0.77,0.325,0.25,0.867,,0.132,0.12,,-0.09699999999999998,1610612740,0.415
309,2016-17,Marcus Morris,202694,0.418,0.331,0.784,0.26,0.045,0.774,,0.15799999999999997,0.28600000000000003,,0.010000000000000009,1610612765,0.451
310,2016-17,Markieff Morris,202693,0.457,0.36200000000000004,0.8370000000000001,0.304,0.231,0.78,0.8059999999999999,0.15300000000000002,0.13100000000000003,0.03100000000000014,0.05700000000000005,1610612764,0.598
311,2016-17,Anthony Morrow,201627,0.39633333333333337,0.3436666666666666,0.9346666666666668,0.3176666666666667,0.5,0.8153333333333334,1.0,0.07866666666666666,-0.15633333333333338,-0.06533333333333324,0.1193333333333334,1610612741,0.5
312,2016-17,Donatas Motiejunas,202700,0.413,0.23399999999999999,0.51,0.0,0.0,0.5,,0.413,0.23399999999999999,,0.010000000000000009,1610612740,0.415
313,2016-17,Timofey Mozgov,202389,0.515,0.0,0.8079999999999999,0.44799999999999995,0.0,0.857,,0.06700000000000006,0.0,,-0.049000000000000044,1610612747,0.317
314,2016-17,Emmanuel Mudiay,1626144,0.377,0.315,0.784,0.21600000000000003,0.105,0.851,,0.16099999999999998,0.21000000000000002,,-0.06699999999999995,1610612743,0.488
315,2016-17,Shabazz Muhammad,203498,0.48200000000000004,0.33799999999999997,0.774,0.40700000000000003,0.222,0.7909999999999999,,0.07500000000000001,0.11599999999999996,,-0.016999999999999904,1610612750,0.378
316,2016-17,Dejounte Murray,1627749,0.431,0.391,0.7,0.28600000000000003,0.5,0.667,0.68,0.14499999999999996,-0.10899999999999999,0.019999999999999907,0.03299999999999992,1610612759,0.744
317,2016-17,Jamal Murray,1627750,0.40399999999999997,0.33399999999999996,0.883,0.3,0.3,0.846,,0.10399999999999998,0.033999999999999975,,0.03700000000000003,1610612743,0.488
318,2016-17,Mike Muscala,203488,0.504,0.418,0.7659999999999999,0.41700000000000004,0.0,0.625,0.875,0.08699999999999997,0.418,-0.1090000000000001,0.1409999999999999,1610612737,0.524
319,2016-17,Larry Nance Jr.,1626204,0.526,0.278,0.738,0.261,0.125,0.619,,0.265,0.15300000000000002,,0.119,1610612747,0.317
320,2016-17,Shabazz Napier,203894,0.39899999999999997,0.37,0.7759999999999999,0.43799999999999994,0.833,0.852,0.75,-0.03899999999999998,-0.46299999999999997,0.025999999999999912,-0.07600000000000007,1610612757,0.5
321,2016-17,Maurice Ndour,1626254,0.45299999999999996,0.14300000000000002,0.731,0.28600000000000003,0.0,0.8,,0.16699999999999993,0.14300000000000002,,-0.06900000000000006,1610612752,0.378
322,2016-17,Gary Neal,202390,0.0,0.0,1.0,0.0,0.0,1.0,,0.0,0.0,,0.0,0,
323,2016-17,Jameer Nelson,2749,0.444,0.38799999999999996,0.7140000000000001,0.382,0.33299999999999996,0.7140000000000001,,0.062,0.05499999999999999,,0.0,1610612743,0.488
324,2016-17,Raul Neto,203526,0.451,0.32299999999999995,0.889,0.16699999999999998,0.0,0.8,1.0,0.28400000000000003,0.32299999999999995,-0.11099999999999999,0.08899999999999997,1610612762,0.622
325,2016-17,Georges Niang,1627777,0.25,0.083,1.0,0.0,0.0,0.0,,0.25,0.083,,1.0,1610612754,0.512
326,2016-17,Andrew Nicholson,203094,0.38633333333333336,0.185,0.742,0.44799999999999995,0.0,0.13333333333333333,,-0.06166666666666659,0.185,,0.6086666666666667,1610612751,0.244
327,2016-17,Joakim Noah,201149,0.49,0.0,0.436,0.33299999999999996,0.0,0.625,,0.15700000000000003,0.0,,-0.189,1610612752,0.378
328,2016-17,Nerlens Noel,203457,0.5936666666666667,0.0,0.695,0.44166666666666665,0.0,0.6990000000000001,,0.15200000000000002,0.0,,-0.004000000000000115,1610612742,0.402
329,2016-17,Lucas Nogueira,203512,0.66,0.25,0.657,0.667,0.667,0.7859999999999999,0.5,-0.007000000000000006,-0.41700000000000004,0.15700000000000003,-0.1289999999999999,1610612761,0.622
330,2016-17,Steve Novak,200779,0.28600000000000003,0.16699999999999998,0.0,1.0,1.0,0.0,,-0.714,-0.833,,0.0,0,
331,2016-17,Dirk Nowitzki,1717,0.43700000000000006,0.37799999999999995,0.875,0.342,0.28600000000000003,0.815,,0.09500000000000003,0.09199999999999992,,0.06000000000000005,1610612742,0.402
332,2016-17,Jusuf Nurkic,203994,0.5073333333333334,0.0,0.5756666666666667,0.32033333333333336,0.0,0.6443333333333334,0.0,0.18700000000000006,0.0,0.5756666666666667,-0.06866666666666676,1610612757,0.5
333,2016-17,David Nwaba,1628021,0.58,0.2,0.6409999999999999,0.33299999999999996,0.0,0.588,,0.247,0.2,,0.052999999999999936,1610612747,0.317
334,2016-17,Johnny O'Bryant III,203948,0.5,0.5,0.7776666666666667,0.5,0.0,0.6666666666666666,,0.0,0.5,,0.1110000000000001,1610612766,0.439
335,2016-17,Kyle O'Quinn,203124,0.521,0.11800000000000001,0.7709999999999999,0.424,0.0,0.688,,0.09700000000000003,0.11800000000000001,,0.08299999999999996,1610612752,0.378
336,2016-17,Daniel Ochefu,1627849,0.444,0.0,0.0,0.0,0.0,0.0,0.0,0.444,0.0,0.0,0.0,1610612764,0.598
337,2016-17,Jahlil Okafor,1626143,0.514,0.0,0.6709999999999999,0.366,0.0,0.6759999999999999,,0.14800000000000002,0.0,,-0.0050000000000000044,1610612755,0.341
338,2016-17,Victor Oladipo,203506,0.442,0.361,0.753,0.39,0.3,0.7609999999999999,1.0,0.05199999999999999,0.061,-0.247,-0.007999999999999896,1610612760,0.573
339,2016-17,Kelly Olynyk,203482,0.512,0.354,0.732,0.5589999999999999,0.3,0.8390000000000001,0.733,-0.04699999999999993,0.05399999999999999,-0.0010000000000000009,-0.1070000000000001,1610612738,0.646
340,2016-17,Arinze Onuaku,202620,0.5,0.0,0.0,1.0,0.0,0.0,,-0.5,0.0,,0.0,0,
341,2016-17,Chinanu Onuaku,1627778,0.7140000000000001,0.0,1.0,0.0,0.0,1.0,,0.7140000000000001,0.0,,0.0,1610612745,0.671
342,2016-17,Kelly Oubre Jr.,1626162,0.42100000000000004,0.287,0.758,0.195,0.19,0.8240000000000001,0.7,0.22600000000000003,0.09699999999999998,0.05800000000000005,-0.06600000000000006,1610612764,0.598
343,2016-17,Zaza Pachulia,2585,0.534,0.0,0.778,0.214,0.0,0.7140000000000001,0.765,0.32000000000000006,0.0,0.013000000000000012,0.06399999999999995,1610612744,0.817
344,2016-17,Georgios Papagiannis,1627834,0.5489999999999999,0.0,0.857,0.455,0.0,1.0,,0.09399999999999992,0.0,,-0.14300000000000002,1610612758,0.39
345,2016-17,Jabari Parker,203953,0.49,0.365,0.743,0.45899999999999996,0.33299999999999996,0.737,,0.031000000000000028,0.03200000000000003,,0.006000000000000005,1610612749,0.512
346,2016-17,Tony Parker,2225,0.466,0.33299999999999996,0.726,0.282,0.364,0.81,1.0,0.18400000000000005,-0.031000000000000028,-0.274,-0.08400000000000007,1610612759,0.744
347,2016-17,Chandler Parsons,202718,0.33799999999999997,0.26899999999999996,0.8140000000000001,0.214,0.222,1.0,,0.12399999999999997,0.04699999999999996,,-0.18599999999999994,1610612763,0.524
348,2016-17,Lamar Patterson,203934,0.2,0.16699999999999998,0.667,0.0,0.0,0.667,,0.2,0.16699999999999998,,0.0,0,
349,2016-17,Patrick Patterson,202335,0.401,0.37200000000000005,0.7170000000000001,0.387,0.313,0.7829999999999999,1.0,0.014000000000000012,0.05900000000000005,-0.2829999999999999,-0.06599999999999984,1610612761,0.622
350,2016-17,Chris Paul,101108,0.47600000000000003,0.41100000000000003,0.892,0.33299999999999996,0.344,0.868,0.879,0.14300000000000007,0.06700000000000006,0.013000000000000012,0.02400000000000002,1610612746,0.622
351,2016-17,Adreian Payne,203940,0.426,0.2,0.737,0.5,0.0,0.867,,-0.07400000000000001,0.2,,-0.13,1610612750,0.378
352,2016-17,Cameron Payne,1626166,0.332,0.3153333333333333,0.625,0.6,1.0,0.7776666666666667,0.0,-0.26799999999999996,-0.6846666666666668,0.625,-0.15266666666666673,1610612741,0.5
353,2016-17,Elfrid Payton,203901,0.47100000000000003,0.27399999999999997,0.6920000000000001,0.33299999999999996,0.182,0.6559999999999999,,0.13800000000000007,0.09199999999999997,,0.03600000000000014,1610612753,0.354
354,2016-17,Gary Payton II,1627780,0.364,0.111,0.6,0.0,0.0,1.0,,0.364,0.111,,-0.4,1610612749,0.512
355,2016-17,Paul Pierce,1718,0.4,0.349,0.769,0.0,0.0,0.667,1.0,0.4,0.349,-0.23099999999999998,0.10199999999999998,1610612746,0.622
356,2016-17,Marshall Plumlee,1627850,0.5329999999999999,0.0,0.42100000000000004,0.5,0.0,0.583,,0.03299999999999992,0.0,,-0.16199999999999992,1610612752,0.378
357,2016-17,Mason Plumlee,203486,0.5383333333333334,0.0,0.5883333333333333,0.21100000000000002,0.0,0.5846666666666667,,0.3273333333333334,0.0,,0.003666666666666596,1610612743,0.488
358,2016-17,Miles Plumlee,203101,0.5006666666666667,0.0,0.6733333333333333,0.38233333333333336,0.0,0.5,,0.11833333333333335,0.0,,0.17333333333333334,1610612766,0.439
359,2016-17,Jakob Poeltl,1627751,0.583,0.0,0.544,1.0,0.0,0.3,0.0,-0.41700000000000004,0.0,0.544,0.24400000000000005,1610612761,0.622
360,2016-17,Otto Porter Jr.,203490,0.516,0.434,0.8320000000000001,0.42200000000000004,0.381,0.889,0.8859999999999999,0.09399999999999997,0.05299999999999999,-0.053999999999999826,-0.05699999999999994,1610612764,0.598
361,2016-17,Bobby Portis,1626171,0.488,0.33299999999999996,0.6609999999999999,0.381,0.14300000000000002,0.6,0.0,0.10699999999999998,0.18999999999999995,0.6609999999999999,0.06099999999999994,1610612741,0.5
362,2016-17,Kristaps Porzingis,204001,0.45,0.35700000000000004,0.7859999999999999,0.37,0.33299999999999996,0.79,,0.08000000000000002,0.024000000000000077,,-0.004000000000000115,1610612752,0.378
363,2016-17,Dwight Powell,203939,0.515,0.284,0.759,0.419,0.2,0.82,,0.09600000000000003,0.08399999999999996,,-0.06099999999999994,1610612742,0.402
364,2016-17,Norman Powell,1626181,0.449,0.324,0.792,0.37,0.22699999999999998,0.833,0.833,0.07900000000000001,0.09700000000000003,-0.040999999999999925,-0.040999999999999925,1610612761,0.622
365,2016-17,Alex Poythress,1627816,0.46299999999999997,0.316,0.8,0.0,0.0,0.5,,0.46299999999999997,0.316,,0.30000000000000004,1610612755,0.341
366,2016-17,Ronnie Price,101179,0.16699999999999998,0.17600000000000002,0.75,0.0,0.0,0.0,,0.16699999999999998,0.17600000000000002,,0.75,1610612756,0.293
367,2016-17,Taurean Prince,1627752,0.4,0.324,0.787,0.278,0.375,0.805,1.0,0.122,-0.05099999999999999,-0.21299999999999997,-0.018000000000000016,1610612737,0.524
368,2016-17,Tim Quarterman,1627817,0.44799999999999995,0.385,0.0,0.6,0.33299999999999996,0.0,0.0,-0.15200000000000002,0.052000000000000046,0.0,0.0,1610612757,0.5
369,2016-17,Chasson Randle,1626184,0.4196666666666666,0.35100000000000003,0.9626666666666668,0.0,0.0,0.9556666666666668,,0.4196666666666666,0.35100000000000003,,0.007000000000000006,1610612752,0.378
370,2016-17,Julius Randle,203944,0.488,0.27,0.723,0.358,0.444,0.7170000000000001,,0.13,-0.174,,0.005999999999999894,1610612747,0.317
371,2016-17,Zach Randolph,2216,0.449,0.223,0.731,0.33299999999999996,0.231,0.75,0.727,0.11600000000000005,-0.008000000000000007,0.0040000000000000036,-0.019000000000000017,1610612763,0.524
372,2016-17,JJ Redick,200755,0.445,0.429,0.8909999999999999,0.48100000000000004,0.41700000000000004,0.875,0.85,-0.03600000000000003,0.011999999999999955,0.040999999999999925,0.015999999999999903,1610612746,0.622
373,2016-17,Willie Reed,203186,0.568,0.25,0.557,0.33299999999999996,0.0,0.429,,0.235,0.25,,0.12800000000000006,1610612748,0.5
374,2016-17,Josh Richardson,1626196,0.39399999999999996,0.33,0.779,0.21600000000000003,0.207,0.741,,0.17799999999999994,0.12300000000000003,,0.038000000000000034,1610612748,0.5
375,2016-17,Malachi Richardson,1627781,0.41200000000000003,0.28600000000000003,0.789,0.33299999999999996,0.33299999999999996,0.769,,0.07900000000000007,-0.04699999999999993,,0.020000000000000018,1610612758,0.39
376,2016-17,Austin Rivers,203085,0.442,0.371,0.691,0.35700000000000004,0.32299999999999995,0.758,1.0,0.08499999999999996,0.04800000000000004,-0.30900000000000005,-0.06700000000000006,1610612746,0.622
377,2016-17,Andre Roberson,203460,0.46399999999999997,0.245,0.423,0.21899999999999997,0.21100000000000002,0.41700000000000004,0.14300000000000002,0.245,0.033999999999999975,0.27999999999999997,0.00599999999999995,1610612760,0.573
378,2016-17,Brian Roberts,203148,0.377,0.386,0.846,0.364,0.0,0.867,,0.013000000000000012,0.386,,-0.02100000000000002,1610612766,0.439
379,2016-17,Thomas Robinson,203080,0.536,0.0,0.47,0.33299999999999996,0.0,0.39399999999999996,,0.20300000000000007,0.0,,0.07600000000000001,1610612747,0.317
380,2016-17,Glenn Robinson III,203922,0.467,0.392,0.711,0.423,0.28600000000000003,0.613,0.5,0.04400000000000004,0.10599999999999998,0.21099999999999997,0.09799999999999998,1610612754,0.512
381,2016-17,Sergio Rodriguez,200771,0.392,0.365,0.667,0.35700000000000004,0.348,0.625,,0.034999999999999976,0.017000000000000015,,0.04200000000000004,1610612755,0.341
382,2016-17,Rajon Rondo,200765,0.408,0.376,0.6,0.23399999999999999,0.2,0.33299999999999996,0.5,0.174,0.176,0.09999999999999998,0.267,1610612741,0.5
383,2016-17,Derrick Rose,201565,0.47100000000000003,0.217,0.8740000000000001,0.42200000000000004,0.0,0.813,,0.04899999999999999,0.217,,0.061000000000000165,1610612752,0.378
384,2016-17,Terrence Ross,203082,0.4363333333333333,0.35966666666666663,0.8343333333333333,0.26099999999999995,0.25,0.5333333333333333,,0.17533333333333334,0.10966666666666663,,0.30099999999999993,1610612753,0.354
385,2016-17,Terry Rozier,1626179,0.36700000000000005,0.318,0.773,0.467,0.41700000000000004,0.75,0.8,-0.09999999999999998,-0.09900000000000003,-0.027000000000000024,0.02300000000000002,1610612738,0.646
386,2016-17,Ricky Rubio,201937,0.402,0.306,0.8909999999999999,0.218,0.095,0.892,,0.18400000000000002,0.211,,-0.001000000000000112,1610612750,0.378
387,2016-17,Damjan Rudez,204014,0.35200000000000004,0.313,0.0,0.0,0.0,0.0,,0.35200000000000004,0.313,,0.0,1610612753,0.354
388,2016-17,Brandon Rush,201575,0.374,0.386,0.722,0.091,0.2,0.5,,0.28300000000000003,0.186,,0.22199999999999998,1610612750,0.378
389,2016-17,D'Angelo Russell,1626156,0.405,0.35200000000000004,0.782,0.349,0.33299999999999996,0.823,,0.05600000000000005,0.019000000000000072,,-0.040999999999999925,1610612747,0.317
390,2016-17,Domantas Sabonis,1627734,0.39899999999999997,0.321,0.657,0.16699999999999998,0.222,0.5379999999999999,1.0,0.23199999999999998,0.099,-0.34299999999999997,0.1190000000000001,1610612760,0.573
391,2016-17,Larry Sanders,202336,0.25,0.0,1.0,0.0,0.0,1.0,,0.25,0.0,,0.0,0,
392,2016-17,Dario Saric,203967,0.41100000000000003,0.311,0.782,0.361,0.32,0.723,,0.050000000000000044,-0.009000000000000008,,0.05900000000000005,1610612755,0.341
393,2016-17,Tomas Satoransky,203107,0.415,0.243,0.6970000000000001,0.313,0.0,0.722,0.4,0.10199999999999998,0.243,0.29700000000000004,-0.02499999999999991,1610612764,0.598
394,2016-17,Dennis Schroder,203471,0.451,0.34,0.855,0.449,0.375,0.851,0.838,0.0020000000000000018,-0.034999999999999976,0.017000000000000015,0.0040000000000000036,1610612737,0.524
395,2016-17,Luis Scola,2449,0.47,0.34,0.6759999999999999,0.583,0.28600000000000003,0.8,,-0.11299999999999999,0.05399999999999999,,-0.12400000000000011,0,
396,2016-17,Mike Scott,203118,0.28800000000000003,0.14800000000000002,0.875,0.0,0.0,1.0,,0.28800000000000003,0.14800000000000002,,-0.125,0,
397,2016-17,Thabo Sefolosha,200757,0.441,0.342,0.733,0.3,0.16699999999999998,0.7140000000000001,0.25,0.14100000000000001,0.17500000000000004,0.483,0.018999999999999906,1610612737,0.524
398,2016-17,Wayne Selden,1627782,0.4853333333333333,0.3213333333333333,0.601,0.13333333333333333,0.16666666666666666,0.5973333333333334,0.75,0.352,0.15466666666666665,-0.14900000000000002,0.003666666666666596,1610612763,0.524
399,2016-17,Kevin Seraphin,202338,0.551,0.0,0.636,0.5,0.0,0.0,0.7140000000000001,0.051000000000000045,0.0,-0.07800000000000007,0.636,1610612754,0.512
400,2016-17,Ramon Sessions,201196,0.38,0.33899999999999997,0.7709999999999999,0.28600000000000003,0.75,0.75,,0.09399999999999997,-0.41100000000000003,,0.020999999999999908,1610612766,0.439
401,2016-17,Iman Shumpert,202697,0.41100000000000003,0.36,0.789,0.24100000000000002,0.188,0.958,0.8240000000000001,0.17,0.172,-0.03500000000000003,-0.16899999999999993,1610612739,0.622
402,2016-17,Pascal Siakam,1627783,0.502,0.14300000000000002,0.688,0.5,0.0,0.833,0.0,0.0020000000000000018,0.14300000000000002,0.688,-0.14500000000000002,1610612761,0.622
403,2016-17,Jonathon Simmons,203613,0.42,0.294,0.75,0.212,0.16699999999999998,0.84,0.677,0.208,0.127,0.07299999999999995,-0.08999999999999997,1610612759,0.744
404,2016-17,Kyle Singler,202713,0.41,0.18899999999999997,0.765,1.0,1.0,0.8,0.0,-0.5900000000000001,-0.811,0.765,-0.03500000000000003,1610612760,0.573
405,2016-17,Marcus Smart,203935,0.359,0.28300000000000003,0.812,0.28800000000000003,0.258,0.83,0.64,0.07099999999999995,0.025000000000000022,0.17200000000000004,-0.017999999999999905,1610612738,0.646
406,2016-17,Ish Smith,202397,0.439,0.267,0.706,0.321,0.16699999999999998,0.625,,0.118,0.10000000000000003,,0.08099999999999996,1610612765,0.451
407,2016-17,JR Smith,2747,0.34600000000000003,0.35100000000000003,0.667,0.18899999999999997,0.192,1.0,0.455,0.15700000000000006,0.15900000000000003,0.21200000000000002,-0.33299999999999996,1610612739,0.622
408,2016-17,Jason Smith,201160,0.529,0.474,0.6859999999999999,0.423,0.8,0.8,0.7140000000000001,0.10600000000000004,-0.32600000000000007,-0.028000000000000136,-0.1140000000000001,1610612764,0.598
409,2016-17,Tony Snell,203503,0.455,0.406,0.81,0.33299999999999996,0.17600000000000002,0.85,0.0,0.12200000000000005,0.23,0.81,-0.039999999999999925,1610612749,0.512
410,2016-17,Marreese Speights,201578,0.445,0.37200000000000005,0.8759999999999999,0.35700000000000004,0.3,0.884,0.7,0.08799999999999997,0.07200000000000006,0.17599999999999993,-0.008000000000000118,1610612746,0.622
411,2016-17,Tiago Splitter,201168,0.452,0.33299999999999996,0.818,1.0,0.0,0.857,,-0.548,0.33299999999999996,,-0.039000000000000035,1610612755,0.341
412,2016-17,Nik Stauskas,203917,0.396,0.368,0.813,0.305,0.28600000000000003,0.8540000000000001,,0.09100000000000003,0.08199999999999996,,-0.04100000000000015,1610612755,0.341
413,2016-17,Lance Stephenson,202362,0.452,0.25625000000000003,0.60175,0.45125,0.13325,0.375,0.75,0.0007500000000000284,0.12300000000000003,-0.14825,0.22675,1610612754,0.512
414,2016-17,Jarnell Stokes,203950,1.0,0.0,0.5,0.0,0.0,0.0,,1.0,0.0,,0.5,0,
415,2016-17,Diamond Stone,1627754,0.231,0.0,1.0,0.0,0.0,1.0,,0.231,0.0,,0.0,1610612746,0.622
416,2016-17,Rodney Stuckey,201155,0.373,0.317,0.748,0.273,0.28600000000000003,0.708,,0.09999999999999998,0.030999999999999972,,0.040000000000000036,0,
417,2016-17,Jared Sullinger,203096,0.319,0.16699999999999998,0.5,0.5,0.33299999999999996,0.0,,-0.181,-0.16599999999999998,,0.5,0,
418,2016-17,Edy Tavares,204002,0.85,0.0,0.0,0.0,0.0,0.0,,0.85,0.0,,0.0,1610612739,0.622
419,2016-17,Isaiah Taylor,1627819,0.14300000000000002,0.0,0.5,0.0,0.0,0.0,0.0,0.14300000000000002,0.0,0.5,0.5,1610612745,0.671
420,2016-17,Jeff Teague,201952,0.442,0.35700000000000004,0.867,0.33299999999999996,0.129,0.89,0.833,0.10900000000000004,0.22800000000000004,0.03400000000000003,-0.02300000000000002,1610612754,0.512
421,2016-17,Mirza Teletovic,203141,0.373,0.341,0.778,0.278,0.273,0.867,0.0,0.09499999999999997,0.068,0.778,-0.08899999999999997,1610612749,0.512
422,2016-17,Garrett Temple,202066,0.424,0.373,0.784,0.302,0.28,0.769,,0.122,0.09299999999999997,,0.015000000000000013,1610612758,0.39
423,2016-17,Jason Terry,1891,0.43200000000000005,0.42700000000000005,0.828,0.5479999999999999,0.5,0.8,1.0,-0.11599999999999988,-0.07299999999999995,-0.17200000000000004,0.027999999999999914,1610612749,0.512
424,2016-17,Isaiah Thomas,202738,0.46299999999999997,0.379,0.909,0.254,0.139,0.893,0.82,0.20899999999999996,0.24,0.08900000000000008,0.016000000000000014,1610612738,0.646
425,2016-17,Lance Thomas,202498,0.39799999999999996,0.447,0.843,0.455,0.6,0.875,,-0.05700000000000005,-0.15299999999999997,,-0.03200000000000003,1610612752,0.378
426,2016-17,Hollis Thompson,203138,0.35600000000000004,0.31766666666666665,0.6573333333333333,0.25833333333333336,0.0,0.7776666666666667,,0.09766666666666668,0.31766666666666665,,-0.1203333333333334,0,
427,2016-17,Klay Thompson,202691,0.46799999999999997,0.414,0.853,0.348,0.2,0.84,0.7879999999999999,0.12,0.21399999999999997,0.06500000000000006,0.013000000000000012,1610612744,0.817
428,2016-17,Tristan Thompson,202684,0.6,0.0,0.498,0.517,0.0,0.55,0.667,0.08299999999999996,0.0,-0.16900000000000004,-0.052000000000000046,1610612739,0.622
429,2016-17,Marcus Thornton,201977,0.4,0.35,0.852,0.5710000000000001,0.667,0.5,,-0.17100000000000004,-0.31700000000000006,,0.352,0,
430,2016-17,Mike Tobey,1627861,0.25,0.0,0.0,0.0,0.0,0.0,,0.25,0.0,,0.0,0,
431,2016-17,Anthony Tolliver,201229,0.442,0.391,0.7440000000000001,0.588,0.545,0.727,,-0.14599999999999996,-0.15400000000000003,,0.017000000000000126,0,
432,2016-17,Axel Toupane,1626253,0.39366666666666666,0.19433333333333333,0.0,0.0,0.0,0.0,,0.39366666666666666,0.19433333333333333,,0.0,1610612740,0.415
433,2016-17,Karl-Anthony Towns,1626157,0.542,0.36700000000000005,0.8320000000000001,0.384,0.294,0.847,,0.15800000000000003,0.07300000000000006,,-0.014999999999999902,1610612750,0.378
434,2016-17,PJ Tucker,200782,0.4113333333333333,0.365,0.7513333333333333,0.3133333333333333,0.23133333333333336,0.7793333333333333,0.625,0.09799999999999998,0.13366666666666663,0.1263333333333333,-0.028000000000000025,1610612761,0.622
435,2016-17,Evan Turner,202323,0.426,0.263,0.825,0.364,0.0,0.81,0.75,0.062,0.263,0.07499999999999996,0.014999999999999902,1610612757,0.5
436,2016-17,Myles Turner,1626167,0.511,0.348,0.809,0.535,0.462,0.7859999999999999,0.625,-0.02400000000000002,-0.11400000000000005,0.18400000000000005,0.02300000000000013,1610612754,0.512
437,2016-17,Beno Udrih,2757,0.467,0.344,0.941,0.429,0.25,0.9329999999999999,,0.038000000000000034,0.09399999999999997,,0.008000000000000007,1610612765,0.451
438,2016-17,Tyler Ulis,1627755,0.42100000000000004,0.266,0.775,0.20600000000000002,0.0,0.741,,0.21500000000000002,0.266,,0.03400000000000003,1610612756,0.293
439,2016-17,Jarrod Uthoff,1627784,0.42100000000000004,0.33299999999999996,0.7140000000000001,0.5,0.0,0.7140000000000001,,-0.07899999999999996,0.33299999999999996,,0.0,1610612742,0.402
440,2016-17,Jonas Valanciunas,202685,0.557,0.5,0.8109999999999999,0.48100000000000004,0.0,0.8059999999999999,0.727,0.07600000000000001,0.5,0.08399999999999996,0.0050000000000000044,1610612761,0.622
441,2016-17,Denzel Valentine,1627756,0.354,0.35100000000000003,0.778,0.368,0.35700000000000004,0.7140000000000001,0.0,-0.014000000000000012,-0.006000000000000005,0.778,0.06399999999999995,1610612741,0.5
442,2016-17,Fred VanVleet,1627832,0.35100000000000003,0.379,0.818,0.2,0.0,0.941,0.0,0.15100000000000002,0.379,0.818,-0.123,1610612761,0.622
443,2016-17,Anderson Varejao,2760,0.35700000000000004,0.0,0.727,0.0,0.0,0.727,,0.35700000000000004,0.0,,0.0,0,
444,2016-17,Greivis Vasquez,202349,0.25,0.33299999999999996,0.667,0.0,0.0,0.0,,0.25,0.33299999999999996,,0.667,0,
445,2016-17,Rashad Vaughn,1626173,0.365,0.321,0.4,0.33299999999999996,0.0,0.33299999999999996,0.0,0.03200000000000003,0.321,0.4,0.06700000000000006,1610612749,0.512
446,2016-17,Noah Vonleh,203943,0.48100000000000004,0.35,0.638,0.522,0.5,0.722,0.4,-0.04099999999999998,-0.15000000000000002,0.238,-0.08399999999999996,1610612757,0.5
447,2016-17,Nikola Vucevic,202696,0.46799999999999997,0.307,0.669,0.213,0.182,0.6559999999999999,,0.255,0.125,,0.013000000000000123,1610612753,0.354
448,2016-17,Sasha Vujacic,2756,0.309,0.311,0.708,0.28600000000000003,0.5,0.706,,0.022999999999999965,-0.189,,0.0020000000000000018,1610612752,0.378
449,2016-17,Dwyane Wade,2548,0.434,0.31,0.794,0.265,0.17600000000000002,0.8109999999999999,0.9520000000000001,0.16899999999999998,0.13399999999999998,-0.15800000000000003,-0.016999999999999904,1610612741,0.5
450,2016-17,Dion Waiters,203079,0.424,0.395,0.6459999999999999,0.38799999999999996,0.444,0.588,,0.03600000000000003,-0.04899999999999999,,0.05799999999999994,1610612748,0.5
451,2016-17,Kemba Walker,202689,0.444,0.39899999999999997,0.847,0.34299999999999997,0.326,0.845,,0.10100000000000003,0.07299999999999995,,0.0020000000000000018,1610612766,0.439
452,2016-17,John Wall,202322,0.451,0.327,0.8009999999999999,0.272,0.161,0.8109999999999999,0.8390000000000001,0.179,0.166,-0.038000000000000145,-0.010000000000000009,1610612764,0.598
453,2016-17,TJ Warren,203933,0.495,0.265,0.773,0.489,0.25,0.743,,0.006000000000000005,0.015000000000000013,,0.030000000000000027,1610612756,0.293
454,2016-17,C.J. Watson,201228,0.387,0.305,0.8640000000000001,0.077,0.16699999999999998,0.867,,0.31,0.138,,-0.0029999999999998916,1610612753,0.354
455,2016-17,Briante Weber,1627362,0.40299999999999997,0.081,0.6823333333333332,0.19433333333333333,0.19433333333333333,0.8223333333333334,,0.20866666666666664,-0.11333333333333333,,-0.14000000000000012,1610612766,0.439
456,2016-17,David West,2561,0.536,0.375,0.768,0.542,0.33299999999999996,0.778,0.778,-0.006000000000000005,0.04200000000000004,-0.010000000000000009,-0.010000000000000009,1610612744,0.817
457,2016-17,Russell Westbrook,201566,0.425,0.34299999999999997,0.845,0.32799999999999996,0.324,0.823,0.8,0.09700000000000003,0.01899999999999996,0.04499999999999993,0.02200000000000002,1610612760,0.573
458,2016-17,Okaro White,1627855,0.379,0.353,0.909,0.5,1.0,0.909,,-0.121,-0.647,,0.0,1610612748,0.5
459,2016-17,Isaiah Whitehead,1627785,0.402,0.295,0.805,0.375,0.231,0.755,,0.027000000000000024,0.06399999999999997,,0.050000000000000044,1610612751,0.244
460,2016-17,Hassan Whiteside,202355,0.557,0.0,0.628,0.365,0.0,0.6459999999999999,,0.19200000000000006,0.0,,-0.017999999999999905,1610612748,0.5
461,2016-17,Andrew Wiggins,203952,0.452,0.35600000000000004,0.76,0.354,0.217,0.726,,0.09800000000000003,0.13900000000000004,,0.03400000000000003,1610612750,0.378
462,2016-17,CJ Wilcox,203912,0.258,0.2,1.0,0.0,0.0,1.0,,0.258,0.2,,0.0,0,
463,2016-17,Alan Williams,1626210,0.517,0.0,0.625,0.444,0.0,0.591,,0.07300000000000001,0.0,,0.03400000000000003,1610612756,0.293
464,2016-17,Deron Williams,101114,0.44366666666666665,0.3753333333333333,0.8290000000000001,0.3933333333333333,0.21366666666666667,0.828,0.909,0.05033333333333334,0.16166666666666663,-0.07999999999999996,0.001000000000000112,1610612739,0.622
465,2016-17,Derrick Williams,202682,0.44733333333333336,0.3043333333333333,0.6546666666666666,0.4726666666666666,0.38233333333333336,0.6999999999999998,1.0,-0.025333333333333263,-0.07800000000000007,-0.3453333333333334,-0.045333333333333226,1610612739,0.622
466,2016-17,Lou Williams,101150,0.4196666666666666,0.35600000000000004,0.8769999999999999,0.3813333333333333,0.4000000000000001,0.887,0.897,0.038333333333333275,-0.04400000000000004,-0.02000000000000013,-0.01000000000000012,1610612745,0.671
467,2016-17,Marvin Williams,101107,0.42200000000000004,0.35,0.873,0.46799999999999997,0.5379999999999999,0.862,,-0.04599999999999993,-0.18799999999999994,,0.01100000000000001,1610612766,0.439
468,2016-17,Reggie Williams,202130,0.348,0.455,0.857,0.0,0.0,0.0,,0.348,0.455,,0.857,0,
469,2016-17,Troy Williams,1627786,0.4506666666666667,0.305,0.7043333333333334,0.5,0.6666666666666666,0.16666666666666666,0.5,-0.049333333333333285,-0.36166666666666664,0.20433333333333337,0.5376666666666667,1610612745,0.671
470,2016-17,Kyle Wiltjer,1627787,0.28600000000000003,0.308,0.5,0.0,0.0,0.5,0.0,0.28600000000000003,0.308,0.5,0.0,1610612745,0.671
471,2016-17,Justise Winslow,1626159,0.35600000000000004,0.2,0.617,0.105,0.0,0.5379999999999999,,0.25100000000000006,0.2,,0.07900000000000007,1610612748,0.5
472,2016-17,Jeff Withey,203481,0.534,0.0,0.75,0.75,0.0,0.7040000000000001,0.5,-0.21599999999999997,0.0,0.25,0.04599999999999993,1610612762,0.622
473,2016-17,Christian Wood,1626174,0.522,0.0,0.733,0.0,0.0,0.778,,0.522,0.0,,-0.04500000000000004,1610612766,0.439
474,2016-17,Metta World Peace,1897,0.27899999999999997,0.237,0.625,0.2,0.25,0.625,,0.07899999999999996,-0.013000000000000012,,0.0,1610612747,0.317
475,2016-17,Brandan Wright,201148,0.615,0.0,0.657,0.308,0.0,1.0,0.0,0.307,0.0,0.657,-0.34299999999999997,1610612763,0.524
476,2016-17,Delon Wright,1626153,0.42200000000000004,0.33299999999999996,0.764,0.063,0.0,0.867,0.7140000000000001,0.35900000000000004,0.33299999999999996,0.04999999999999993,-0.10299999999999998,1610612761,0.622
477,2016-17,James Young,203923,0.431,0.34299999999999997,0.667,0.0,0.0,0.667,0.0,0.431,0.34299999999999997,0.667,0.0,1610612738,0.646
478,2016-17,Joe Young,1626202,0.361,0.217,0.733,0.3,0.2,0.818,,0.061,0.016999999999999987,,-0.08499999999999996,1610612754,0.512
479,2016-17,Nick Young,201156,0.43,0.40399999999999997,0.856,0.37,0.474,0.882,,0.06,-0.07,,-0.026000000000000023,1610612747,0.317
480,2016-17,Thaddeus Young,201152,0.527,0.381,0.523,0.552,0.5,0.6,0.5,-0.025000000000000022,-0.119,0.02300000000000002,-0.07699999999999996,1610612754,0.512
481,2016-17,Cody Zeller,203469,0.5710000000000001,0.0,0.679,0.35,0.0,0.574,,0.22100000000000009,0.0,,0.1050000000000001,1610612766,0.439
482,2016-17,Tyler Zeller,203092,0.494,0.0,0.564,0.25,0.0,0.636,0.75,0.244,0.0,-0.18600000000000005,-0.07200000000000006,1610612738,0.646
483,2016-17,Stephen Zimmerman,1627757,0.32299999999999995,0.0,0.6,0.0,0.0,0.6,,0.32299999999999995,0.0,,0.0,1610612753,0.354
484,2016-17,Paul Zipser,1627835,0.39799999999999996,0.33299999999999996,0.775,0.33299999999999996,0.375,0.6920000000000001,1.0,0.065,-0.04200000000000004,-0.22499999999999998,0.08299999999999996,1610612741,0.5
485,2016-17,Ivica Zubac,1627826,0.529,0.0,0.653,0.111,0.0,0.667,,0.41800000000000004,0.0,,-0.014000000000000012,1610612747,0.317
