,GROUP_VALUE,FG_PCT,FG3_PCT,FT_PCT,OREB,DREB,REB,AST,TOV,STL,BLK,4Q_FG_PCT,4Q_FG3_PCT,4Q_FT_PCT,4Q_OREB,4Q_DREB,4Q_REB,4Q_AST,4Q_TOV,4Q_STL,4Q_BLK,PO_FG_PCT,PO_FG3_PCT,PO_FT_PCT,PO_OREB,PO_DREB,PO_REB,PO_AST,PO_TOV,PO_STL,PO_BLK,SC_FG_PCT,SC_FG3_PCT,SC_FT_PCT,SC_OREB,SC_DREB,SC_REB,SC_AST,SC_TOV,SC_STL,SC_BLK,PERSON_ID,DISPLAY_FIRST_LAST
0,2016-17,0.393,0.381,0.898,0.3,1.0,1.3,0.6,0.5,0.5,0.1,0.375,0.36,0.857,0.1,0.3,0.5,0.2,0.2,0.1,0.0,0.348,0.294,0.75,0.4,1.4,1.8,0.8,0.0,0.0,0.0,0.368,0.4,0.0,0.0,0.0,0.0,0.0,0.0,0.0,0.0,203518,Alex Abrines
1,2012-13,0.56,0.5,0.816,1.0,1.6,2.7,0.4,0.6,0.4,0.5,0.577,0.5,0.792,0.5,0.7,1.1,0.1,0.3,0.2,0.2,,,,,,,,,,,,,,,,,,,,,203112,Quincy Acy
2,2013-14,0.4563333333333333,0.289,0.6506666666666666,1.0,2.033333333333333,3.033333333333333,0.4666666666666666,0.43333333333333335,0.4333333333333333,0.4000000000000001,0.3646666666666667,0.12033333333333333,0.6183333333333333,0.39999999999999997,0.9,1.3,0.26666666666666666,0.13333333333333333,0.13333333333333333,0.06666666666666667,,,,,,,,,,,,,,,,,,,,,203112,Quincy Acy
3,2014-15,0.459,0.3,0.784,1.2,3.3,4.4,1.0,0.9,0.4,0.3,0.488,0.313,0.818,0.3,1.0,1.3,0.2,0.3,0.1,0.1,,,,,,,,,,,0.25,0.222,0.0,0.0,0.1,0.1,0.1,0.0,0.0,0.0,203112,Quincy Acy
4,2015-16,0.556,0.388,0.735,1.1,2.1,3.2,0.5,0.5,0.5,0.4,0.58,0.5,0.783,0.3,0.6,0.9,0.1,0.2,0.3,0.2,,,,,,,,,,,0.333,0.333,0.0,0.0,0.1,0.1,0.0,0.1,0.1,0.0,203112,Quincy Acy
5,2016-17,0.377,0.3293333333333333,0.7236666666666668,0.46666666666666673,2.1,2.533333333333333,0.3666666666666667,0.5,0.26666666666666666,0.3,0.38633333333333336,0.34833333333333333,0.7123333333333334,0.19999999999999998,0.5666666666666667,0.7666666666666667,0.13333333333333333,0.20000000000000004,0.06666666666666667,0.16666666666666666,,,,,,,,,,,0.20366666666666666,0.3056666666666667,0.0,0.0,0.0,0.0,0.06666666666666667,0.0,0.0,0.0,203112,Quincy Acy
6,2013-14,0.503,0.0,0.581,1.8,2.3,4.1,0.5,0.9,0.5,0.7,0.5,0.0,0.629,0.4,0.7,1.2,0.2,0.4,0.2,0.2,0.689,0.0,0.348,1.2,2.9,4.1,0.2,0.6,0.1,1.3,,,,,,,,,,,203500,Steven Adams
7,2014-15,0.544,0.0,0.502,2.8,4.6,7.5,0.9,1.4,0.5,1.2,0.481,0.0,0.418,1.0,1.4,2.4,0.3,0.3,0.2,0.3,,,,,,,,,,,0.611,0.0,0.0,0.1,0.1,0.2,0.0,0.0,0.0,0.1,203500,Steven Adams
8,2015-16,0.613,0.0,0.582,2.7,3.9,6.7,0.8,1.1,0.5,1.1,0.511,0.0,0.405,0.6,0.9,1.6,0.1,0.2,0.1,0.2,0.613,0.0,0.63,3.4,6.1,9.5,0.7,0.9,0.5,0.8,0.471,0.0,0.0,0.1,0.1,0.2,0.1,0.1,0.0,0.2,203500,Steven Adams
9,2016-17,0.571,0.0,0.611,3.5,4.2,7.7,1.1,1.8,1.1,1.0,0.556,0.0,0.574,0.7,0.8,1.5,0.2,0.3,0.3,0.3,0.643,0.0,0.364,3.4,3.4,6.8,1.4,0.8,1.2,1.8,0.333,0.0,0.0,0.1,0.2,0.3,0.0,0.0,0.0,0.1,203500,Steven Adams
10,2007-08,0.411,0.208,0.782,0.5,1.3,1.8,0.7,0.5,0.4,0.1,0.397,0.308,0.725,0.2,0.8,1.0,0.3,0.3,0.2,0.0,0.389,0.0,0.0,0.0,0.4,0.4,0.5,0.1,0.3,0.0,,,,,,,,,,,201167,Arron Afflalo
11,2008-09,0.437,0.402,0.817,0.4,1.4,1.8,0.6,0.6,0.4,0.2,0.39,0.429,0.818,0.2,0.6,0.8,0.2,0.3,0.2,0.1,0.476,0.2,0.6,0.3,0.5,0.8,0.3,0.8,0.0,0.5,,,,,,,,,,,201167,Arron Afflalo
12,2009-10,0.465,0.434,0.735,0.7,2.4,3.1,1.7,0.9,0.6,0.4,0.464,0.364,0.71,0.2,0.6,0.8,0.2,0.3,0.1,0.1,0.625,0.429,0.818,0.2,1.8,2.0,1.2,0.7,0.2,0.3,,,,,,,,,,,201167,Arron Afflalo
13,2010-11,0.498,0.423,0.847,0.7,3.0,3.6,2.4,1.0,0.5,0.4,0.51,0.393,0.886,0.3,0.8,1.0,0.5,0.2,0.1,0.2,0.353,0.25,0.875,0.0,3.0,3.0,2.3,1.0,0.0,0.0,,,,,,,,,,,201167,Arron Afflalo
14,2011-12,0.471,0.398,0.798,0.6,2.5,3.2,2.4,1.4,0.6,0.2,0.437,0.354,0.839,0.1,0.7,0.8,0.5,0.3,0.1,0.1,0.405,0.2,0.8,0.7,2.9,3.6,2.7,1.3,0.7,0.3,,,,,,,,,,,201167,Arron Afflalo
15,2012-13,0.439,0.3,0.857,0.5,3.3,3.7,3.2,2.2,0.6,0.2,0.43,0.323,0.816,0.2,0.7,0.9,0.6,0.5,0.1,0.0,,,,,,,,,,,,,,,,,,,,,201167,Arron Afflalo
16,2013-14,0.459,0.427,0.815,0.4,3.2,3.6,3.4,2.0,0.5,0.0,0.436,0.423,0.825,0.1,0.7,0.9,0.4,0.5,0.1,0.0,,,,,,,,,,,,,,,,,,,,,201167,Arron Afflalo
17,2014-15,0.422,0.36366666666666664,0.8450000000000001,0.3,2.733333333333333,3.1,1.5666666666666664,1.4666666666666668,0.5,0.10000000000000002,0.351,0.3,0.8856666666666667,0.0,0.6666666666666666,0.6666666666666666,0.4000000000000001,0.4000000000000001,0.06666666666666667,0.0,0.167,0.25,0.0,0.0,2.3,2.3,0.7,1.0,0.0,0.0,0.31866666666666665,0.35000000000000003,0.0,0.0,0.06666666666666667,0.10000000000000002,0.06666666666666667,0.06666666666666667,0.0,0.0,201167,Arron Afflalo
18,2015-16,0.443,0.382,0.84,0.3,3.4,3.7,2.0,1.2,0.4,0.1,0.431,0.38,0.914,0.1,0.6,0.7,0.5,0.4,0.1,0.0,,,,,,,,,,,0.295,0.3,0.0,0.0,0.1,0.1,0.1,0.1,0.0,0.0,201167,Arron Afflalo
19,2016-17,0.44,0.411,0.892,0.1,1.9,2.0,1.3,0.7,0.3,0.1,0.379,0.323,0.944,0.0,0.4,0.5,0.3,0.2,0.1,0.0,,,,,,,,,,,0.36,0.286,0.0,0.0,0.0,0.0,0.2,0.1,0.0,0.0,201167,Arron Afflalo
20,2008-09,0.362,0.0,0.714,0.3,0.7,1.0,0.1,0.4,0.2,0.2,0.359,0.0,0.722,0.1,0.7,0.9,0.1,0.2,0.3,0.0,,,,,,,,,,,,,,,,,,,,,201582,Alexis Ajinca
21,2009-10,0.5,0.0,0.0,0.2,0.5,0.7,0.0,0.3,0.2,0.2,0.556,0.0,0.0,0.3,0.0,0.3,0.0,0.3,0.3,0.3,,,,,,,,,,,,,,,,,,,,,201582,Alexis Ajinca
22,2010-11,0.428,0.37166666666666665,0.7073333333333333,0.5,1.6666666666666667,2.1666666666666665,0.26666666666666666,0.43333333333333335,0.3,0.5666666666666667,0.5730000000000001,0.46666666666666673,0.85,0.16666666666666666,1.1666666666666667,1.3333333333333333,0.19999999999999998,0.3,0.2333333333333333,0.2333333333333333,,,,,,,,,,,,,,,,,,,,,201582,Alexis Ajinca
23,2013-14,0.546,0.0,0.836,1.7,3.3,4.9,0.7,1.1,0.4,0.8,0.58,0.0,0.8,0.7,0.9,1.6,0.2,0.3,0.1,0.2,,,,,,,,,,,,,,,,,,,,,201582,Alexis Ajinca
24,2014-15,0.55,0.0,0.818,1.5,3.1,4.6,0.7,1.0,0.3,0.8,0.567,0.0,0.833,0.5,1.3,1.7,0.3,0.4,0.2,0.4,1.0,0.0,0.0,0.0,0.3,0.3,0.3,0.0,0.3,0.0,0.438,0.0,0.0,0.1,0.1,0.2,0.1,0.0,0.0,0.0,201582,Alexis Ajinca
25,2015-16,0.476,0.0,0.839,1.3,3.3,4.6,0.5,0.9,0.3,0.6,0.484,0.0,0.818,0.5,1.0,1.5,0.2,0.4,0.1,0.2,,,,,,,,,,,0.615,0.0,0.0,0.0,0.1,0.1,0.0,0.1,0.0,0.1,201582,Alexis Ajinca
26,2016-17,0.5,0.0,0.725,1.2,3.4,4.5,0.3,0.8,0.5,0.6,0.464,0.0,0.6,0.2,0.9,1.1,0.1,0.3,0.1,0.1,,,,,,,,,,,0.714,0.0,0.0,0.1,0.1,0.1,0.0,0.0,0.0,0.1,201582,Alexis Ajinca
27,2010-11,0.533,0.0,0.5,0.7,1.2,1.9,0.2,0.4,0.3,0.4,0.5,0.0,0.5,0.6,0.4,1.0,0.3,0.2,0.2,0.3,,,,,,,,,,,,,,,,,,,,,202332,Cole Aldrich
28,2011-12,0.524,0.0,0.929,0.5,1.3,1.8,0.1,0.3,0.3,0.6,0.514,0.0,0.875,0.4,1.0,1.4,0.1,0.2,0.2,0.5,0.444,0.0,0.5,1.0,1.6,2.6,0.0,0.0,0.0,0.0,,,,,,,,,,,202332,Cole Aldrich
29,2012-13,0.551,0.0,0.5903333333333333,0.7666666666666666,2.1666666666666665,2.9333333333333336,0.20000000000000004,0.5333333333333333,0.10000000000000002,0.5666666666666667,0.5,0.0,0.7856666666666667,0.46666666666666673,1.2,1.7,0.13333333333333333,0.3666666666666667,0.10000000000000002,0.39999999999999997,,,,,,,,,,,,,,,,,,,,,202332,Cole Aldrich
30,2013-14,0.541,0.0,0.867,0.8,2.0,2.8,0.3,0.4,0.2,0.7,0.552,0.0,0.778,0.7,1.4,2.1,0.2,0.4,0.1,0.4,,,,,,,,,,,,,,,,,,,,,202332,Cole Aldrich
31,2014-15,0.478,0.0,0.781,1.7,3.9,5.5,1.2,1.0,0.6,1.1,0.419,0.0,0.774,0.9,1.4,2.3,0.5,0.2,0.1,0.5,,,,,,,,,,,0.29,0.0,0.0,0.1,0.1,0.2,0.0,0.0,0.0,0.1,202332,Cole Aldrich
32,2015-16,0.596,0.0,0.714,1.4,3.4,4.8,0.8,1.1,0.8,1.1,0.634,0.0,0.833,0.5,1.5,2.0,0.3,0.5,0.2,0.5,0.667,0.0,0.5,1.3,3.7,5.0,0.5,0.3,1.0,0.5,0.25,0.0,0.5,0.0,0.1,0.1,0.0,0.1,0.0,0.1,202332,Cole Aldrich
33,2016-17,0.523,0.0,0.682,0.8,1.7,2.5,0.4,0.3,0.4,0.4,0.381,0.0,0.571,0.2,0.7,0.9,0.1,0.1,0.2,0.1,,,,,,,,,,,0.8,0.0,0.0,0.1,0.0,0.1,0.0,0.0,0.0,0.0,202332,Cole Aldrich
34,2006-07,0.503,0.0,0.722,2.3,2.7,5.0,0.4,0.7,0.3,1.2,0.511,0.0,0.673,0.9,0.9,1.8,0.1,0.1,0.1,0.3,,,,,,,,,,,,,,,,,,,,,200746,LaMarcus Aldridge
35,2007-08,0.484,0.143,0.762,2.9,4.7,7.6,1.6,1.7,0.7,1.2,0.524,0.333,0.71,0.8,1.1,1.8,0.3,0.4,0.1,0.4,,,,,,,,,,,,,,,,,,,,,200746,LaMarcus Aldridge
36,2008-09,0.484,0.25,0.781,2.9,4.6,7.5,1.9,1.5,1.0,1.0,0.466,0.167,0.797,0.7,1.0,1.7,0.3,0.3,0.1,0.2,0.49,0.25,0.7,1.5,6.0,7.5,1.3,1.7,0.5,1.7,,,,,,,,,,,200746,LaMarcus Aldridge
37,2009-10,0.495,0.313,0.757,2.5,5.6,8.0,2.1,1.3,0.9,0.6,0.439,0.286,0.713,0.6,1.6,2.2,0.4,0.4,0.2,0.1,0.43,0.5,0.75,1.7,4.3,6.0,2.2,1.8,1.2,1.8,,,,,,,,,,,200746,LaMarcus Aldridge
38,2010-11,0.5,0.174,0.791,3.4,5.3,8.8,2.1,1.9,1.0,1.2,0.456,0.2,0.764,0.9,1.4,2.3,0.4,0.5,0.3,0.3,0.461,0.0,0.792,2.7,4.8,7.5,1.3,1.5,1.3,1.7,,,,,,,,,,,200746,LaMarcus Aldridge
39,2011-12,0.512,0.182,0.814,2.7,5.3,8.0,2.4,2.0,0.9,0.8,0.485,0.667,0.74,0.6,1.4,2.0,0.5,0.6,0.3,0.2,,,,,,,,,,,,,,,,,,,,,200746,LaMarcus Aldridge
40,2012-13,0.484,0.143,0.81,2.4,6.7,9.1,2.6,1.9,0.8,1.2,0.504,0.25,0.757,0.7,1.4,2.1,0.6,0.4,0.1,0.2,,,,,,,,,,,,,,,,,,,,,200746,LaMarcus Aldridge
41,2013-14,0.458,0.2,0.822,2.4,8.7,11.1,2.6,1.8,0.9,1.0,0.42,0.333,0.805,0.5,2.0,2.6,0.5,0.4,0.1,0.2,0.452,0.667,0.8,2.7,7.9,10.6,1.5,1.7,0.6,1.6,,,,,,,,,,,200746,LaMarcus Aldridge
42,2014-15,0.466,0.352,0.845,2.5,7.7,10.2,1.7,1.7,0.7,1.0,0.468,0.231,0.854,0.7,1.5,2.3,0.3,0.4,0.1,0.1,0.33,0.273,0.889,4.2,7.0,11.2,1.8,1.6,0.4,2.4,0.327,0.133,0.0,0.1,0.2,0.2,0.1,0.1,0.0,0.0,200746,LaMarcus Aldridge
43,2015-16,0.513,0.0,0.858,2.4,6.2,8.5,1.5,1.3,0.5,1.1,0.518,0.0,0.955,0.5,1.3,1.8,0.4,0.3,0.1,0.3,0.521,1.0,0.891,2.2,6.1,8.3,1.0,1.1,0.4,1.4,0.473,0.0,0.0,0.1,0.2,0.3,0.1,0.1,0.0,0.1,200746,LaMarcus Aldridge
44,2016-17,0.477,0.411,0.812,2.4,4.9,7.3,1.9,1.4,0.6,1.2,0.454,0.25,0.803,0.7,1.0,1.7,0.5,0.3,0.2,0.4,0.458,0.143,0.764,2.7,4.8,7.4,1.5,1.8,0.6,1.0,0.369,0.4,0.0,0.2,0.2,0.4,0.1,0.1,0.0,0.1,200746,LaMarcus Aldridge
45,2011-12,0.473,0.0,0.786,1.1,3.0,4.2,0.8,0.5,0.3,0.4,0.4,0.0,0.5,0.3,0.8,1.1,0.1,0.2,0.2,0.0,0.557,0.0,0.583,1.8,3.2,4.9,0.3,0.4,0.8,0.9,,,,,,,,,,,202730,Lavoy Allen
46,2012-13,0.454,0.0,0.717,2.0,3.0,5.0,0.9,0.7,0.3,0.7,0.406,0.0,0.75,0.8,1.0,1.8,0.3,0.2,0.1,0.2,,,,,,,,,,,,,,,,,,,,,202730,Lavoy Allen
47,2013-14,0.4623333333333333,0.10266666666666667,0.645,1.6000000000000003,2.6333333333333333,4.2,0.9333333333333332,0.6,0.3,0.4666666666666666,0.36533333333333334,0.0,0.6126666666666666,0.5333333333333333,0.6333333333333333,1.2,0.26666666666666666,0.20000000000000004,0.06666666666666667,0.20000000000000004,0.5,0.0,0.0,0.3,1.0,1.3,0.3,0.0,0.0,0.0,,,,,,,,,,,202730,Lavoy Allen
48,2014-15,0.472,0.0,0.702,2.0,3.2,5.1,1.2,0.6,0.2,0.7,0.459,0.0,0.722,0.7,1.1,1.8,0.6,0.3,0.1,0.3,,,,,,,,,,,0.5,0.0,0.0,0.1,0.1,0.2,0.1,0.0,0.0,0.1,202730,Lavoy Allen
49,2015-16,0.516,0.0,0.63,2.1,3.3,5.4,1.0,0.9,0.3,0.5,0.558,0.0,0.6,0.6,1.0,1.6,0.4,0.2,0.1,0.1,0.3,0.0,0.0,0.7,1.7,2.3,0.3,0.2,0.2,0.2,0.389,0.0,0.0,0.1,0.1,0.2,0.1,0.0,0.0,0.1,202730,Lavoy Allen
50,2016-17,0.458,0.0,0.697,1.7,1.9,3.6,0.9,0.5,0.3,0.4,0.516,0.0,0.333,0.6,0.4,1.0,0.4,0.1,0.1,0.1,0.0,0.0,0.0,0.0,0.7,0.7,0.0,0.3,0.0,0.0,0.294,0.0,0.0,0.1,0.1,0.1,0.1,0.0,0.0,0.1,202730,Lavoy Allen
51,2004-05,0.475,0.387,0.737,1.1,1.8,2.9,0.8,1.0,1.0,0.3,0.556,0.417,0.686,0.4,0.6,0.9,0.2,0.3,0.4,0.1,0.444,0.0,0.429,0.6,1.1,1.7,0.3,0.7,0.4,0.3,,,,,,,,,,,2754,Tony Allen
52,2005-06,0.471,0.324,0.746,0.6,1.5,2.2,1.3,1.3,1.0,0.4,0.444,0.385,0.804,0.2,0.5,0.7,0.3,0.5,0.4,0.1,,,,,,,,,,,,,,,,,,,,,2754,Tony Allen
53,2006-07,0.514,0.242,0.784,1.1,2.7,3.8,1.7,2.3,1.5,0.4,0.548,0.222,0.792,0.2,0.7,0.9,0.3,0.6,0.4,0.2,,,,,,,,,,,,,,,,,,,,,2754,Tony Allen
54,2007-08,0.434,0.316,0.762,0.5,1.8,2.2,1.5,1.5,0.8,0.3,0.458,0.222,0.761,0.2,0.8,1.0,0.7,0.5,0.4,0.1,0.563,0.0,0.4,0.1,0.1,0.2,0.2,0.1,0.1,0.0,,,,,,,,,,,2754,Tony Allen
55,2008-09,0.482,0.222,0.725,0.5,1.8,2.3,1.4,1.7,1.2,0.5,0.528,0.0,0.738,0.2,0.7,0.9,0.6,0.7,0.5,0.2,0.5,0.0,1.0,0.1,0.8,0.9,0.3,0.1,0.2,0.0,,,,,,,,,,,2754,Tony Allen
56,2009-10,0.51,0.0,0.605,1.0,1.7,2.7,1.3,1.2,1.1,0.4,0.519,0.0,0.604,0.4,0.6,1.0,0.6,0.4,0.4,0.2,0.48,0.0,0.778,0.5,1.2,1.7,0.7,1.0,1.0,0.6,,,,,,,,,,,2754,Tony Allen
57,2010-11,0.51,0.174,0.753,1.0,1.7,2.7,1.4,1.2,1.8,0.6,0.523,0.333,0.759,0.3,0.7,1.0,0.3,0.4,0.6,0.2,0.426,0.143,0.659,1.2,1.8,2.9,1.5,1.8,1.9,0.4,,,,,,,,,,,2754,Tony Allen
58,2011-12,0.469,0.308,0.8,1.7,2.3,4.0,1.4,1.6,1.8,0.6,0.532,0.5,0.717,0.4,0.5,0.9,0.2,0.3,0.4,0.1,0.4,0.0,0.706,1.1,2.0,3.1,0.7,1.4,1.3,1.0,,,,,,,,,,,2754,Tony Allen
59,2012-13,0.445,0.125,0.717,1.5,3.1,4.6,1.2,1.2,1.5,0.6,0.29,0.0,0.673,0.4,0.7,1.1,0.3,0.3,0.3,0.2,0.432,0.25,0.759,2.5,3.6,6.1,1.8,1.3,2.0,0.3,,,,,,,,,,,2754,Tony Allen
60,2013-14,0.494,0.234,0.628,1.4,2.3,3.8,1.7,1.6,1.6,0.3,0.566,0.286,0.59,0.4,0.6,1.0,0.4,0.5,0.6,0.1,0.486,0.0,0.762,3.3,4.4,7.7,1.4,1.7,1.7,0.1,,,,,,,,,,,2754,Tony Allen
61,2014-15,0.495,0.345,0.627,1.6,2.8,4.4,1.4,1.4,2.0,0.5,0.506,0.444,0.659,0.4,1.0,1.4,0.2,0.4,0.5,0.1,0.491,0.143,0.75,1.4,3.8,5.2,1.5,1.3,2.4,1.1,0.304,0.4,0.0,0.0,0.1,0.2,0.0,0.0,0.1,0.0,2754,Tony Allen
62,2015-16,0.458,0.357,0.652,1.6,3.0,4.6,1.1,1.2,1.7,0.3,0.478,0.2,0.6,0.4,0.7,1.1,0.1,0.3,0.3,0.1,0.303,0.143,0.692,1.5,1.3,2.8,0.8,1.5,1.3,0.5,0.333,0.375,0.0,0.1,0.1,0.2,0.1,0.0,0.1,0.0,2754,Tony Allen
63,2016-17,0.461,0.278,0.615,2.3,3.2,5.5,1.4,1.4,1.6,0.4,0.475,0.2,0.667,0.7,0.9,1.6,0.2,0.3,0.6,0.1,,,,,,,,,,,0.325,0.143,0.0,0.1,0.1,0.2,0.1,0.1,0.1,0.0,2754,Tony Allen
64,2010-11,0.394,0.315,0.773,0.9,2.4,3.3,0.7,1.3,0.7,0.3,0.341,0.217,0.825,0.3,0.8,1.1,0.3,0.4,0.3,0.1,,,,,,,,,,,,,,,,,,,,,202329,Al-Farouq Aminu
65,2011-12,0.411,0.277,0.754,1.4,3.2,4.7,1.0,1.4,0.9,0.5,0.464,0.364,0.742,0.3,1.1,1.3,0.3,0.3,0.2,0.2,,,,,,,,,,,,,,,,,,,,,202329,Al-Farouq Aminu
66,2012-13,0.475,0.211,0.737,1.8,5.9,7.7,1.4,1.5,1.2,0.7,0.424,0.0,0.724,0.3,1.1,1.4,0.3,0.4,0.3,0.1,,,,,,,,,,,,,,,,,,,,,202329,Al-Farouq Aminu
67,2013-14,0.474,0.271,0.664,1.6,4.6,6.2,1.4,1.1,1.0,0.5,0.438,0.333,0.759,0.5,0.8,1.3,0.2,0.2,0.1,0.1,,,,,,,,,,,,,,,,,,,,,202329,Al-Farouq Aminu
68,2014-15,0.412,0.274,0.712,1.5,3.1,4.6,0.8,0.7,0.9,0.8,0.39,0.194,0.781,0.5,1.0,1.5,0.3,0.2,0.4,0.3,0.548,0.636,0.789,2.8,4.4,7.2,1.2,1.2,2.0,1.6,0.208,0.077,0.0,0.0,0.1,0.1,0.1,0.0,0.0,0.1,202329,Al-Farouq Aminu
69,2015-16,0.416,0.361,0.737,1.2,4.9,6.1,1.7,1.5,0.9,0.6,0.346,0.26,0.778,0.4,1.3,1.7,0.5,0.3,0.2,0.3,0.438,0.4,0.724,2.1,6.5,8.6,1.8,1.9,0.7,0.9,0.295,0.303,0.0,0.1,0.1,0.1,0.1,0.1,0.0,0.1,202329,Al-Farouq Aminu
70,2016-17,0.393,0.33,0.706,1.3,6.1,7.4,1.6,1.5,1.0,0.7,0.369,0.283,0.737,0.2,1.7,1.9,0.3,0.4,0.3,0.3,0.459,0.412,0.636,1.3,5.3,6.5,1.0,2.3,0.8,1.0,0.4,0.467,0.0,0.1,0.1,0.2,0.1,0.0,0.0,0.0,202329,Al-Farouq Aminu
71,2001-02,0.338,0.0,0.786,1.6,1.6,3.2,0.3,0.5,0.3,1.2,0.375,0.0,0.833,1.1,0.9,2.0,0.1,0.4,0.1,1.1,,,,,,,,,,,,,,,,,,,,,2365,Chris Andersen
72,2002-03,0.4,0.0,0.55,1.8,2.8,4.6,0.5,1.0,0.5,1.0,0.522,0.0,0.519,0.8,1.1,1.9,0.3,0.4,0.2,0.5,,,,,,,,,,,,,,,,,,,,,2365,Chris Andersen
73,2003-04,0.443,0.0,0.589,1.3,2.9,4.2,0.5,0.7,0.5,1.6,0.465,0.0,0.542,0.5,0.8,1.2,0.1,0.1,0.1,0.4,0.333,0.0,0.0,1.2,1.6,2.8,0.4,0.4,0.2,0.4,,,,,,,,,,,2365,Chris Andersen
74,2004-05,0.534,0.0,0.689,2.0,4.1,6.1,1.1,1.0,0.2,1.5,0.563,0.0,0.709,0.8,1.5,2.3,0.3,0.3,0.0,0.4,,,,,,,,,,,,,,,,,,,,,2365,Chris Andersen
75,2005-06,0.571,0.0,0.476,1.9,2.9,4.8,0.2,0.8,0.3,1.3,0.652,0.0,0.333,0.4,1.0,1.4,0.0,0.3,0.2,0.4,,,,,,,,,,,,,,,,,,,,,2365,Chris Andersen
76,2007-08,0.286,0.0,0.5,0.4,1.4,1.8,0.0,0.2,0.0,0.8,0.2,0.0,0.333,0.7,1.3,2.0,0.0,0.0,0.0,0.3,,,,,,,,,,,,,,,,,,,,,2365,Chris Andersen
77,2008-09,0.548,0.2,0.718,2.3,3.9,6.2,0.4,1.0,0.6,2.5,0.482,0.0,0.746,0.7,1.1,1.8,0.1,0.3,0.1,0.6,0.63,0.0,0.659,1.9,4.4,6.3,0.6,0.5,0.3,2.1,,,,,,,,,,,2365,Chris Andersen
78,2009-10,0.566,0.0,0.695,1.9,4.4,6.4,0.4,0.8,0.6,1.9,0.538,0.0,0.65,0.5,1.3,1.8,0.1,0.2,0.1,0.6,0.529,0.0,0.643,1.2,3.3,4.5,0.2,0.7,0.2,1.0,,,,,,,,,,,2365,Chris Andersen
79,2010-11,0.599,0.0,0.637,1.7,3.2,4.9,0.4,0.6,0.5,1.3,0.611,0.0,0.705,0.7,1.0,1.7,0.2,0.2,0.1,0.3,0.636,0.0,0.714,1.0,1.8,2.8,0.6,0.6,0.6,1.4,,,,,,,,,,,2365,Chris Andersen
80,2011-12,0.546,0.0,0.61,1.5,3.1,4.6,0.2,0.5,0.6,1.4,0.543,0.0,0.448,1.0,1.1,2.1,0.1,0.2,0.2,0.5,,,,,,,,,,,,,,,,,,,,,2365,Chris Andersen
81,2012-13,0.577,0.667,0.677,1.4,2.7,4.1,0.4,0.6,0.4,1.0,0.565,1.0,0.65,0.6,0.9,1.5,0.2,0.2,0.1,0.5,0.807,0.0,0.735,1.6,2.2,3.8,0.2,0.6,0.5,1.1,,,,,,,,,,,2365,Chris Andersen
82,2013-14,0.644,0.25,0.71,1.8,3.5,5.3,0.3,0.7,0.4,1.3,0.65,0.333,0.7,0.7,1.4,2.1,0.1,0.2,0.2,0.4,0.579,0.0,0.684,1.4,4.5,5.9,0.3,0.5,0.3,1.0,,,,,,,,,,,2365,Chris Andersen
83,2014-15,0.58,0.308,0.667,1.3,3.7,5.0,0.7,0.7,0.4,1.0,0.548,1.0,0.625,0.4,0.9,1.3,0.1,0.1,0.1,0.3,,,,,,,,,,,0.25,0.0,0.0,0.1,0.1,0.2,0.0,0.0,0.0,0.1,2365,Chris Andersen
84,2015-16,0.492,0.3026666666666667,0.7106666666666666,1.1333333333333333,2.0,3.1333333333333333,0.43333333333333335,0.3333333333333333,0.4666666666666666,0.4666666666666666,0.5713333333333334,0.24433333333333337,0.75,0.3,0.8666666666666667,1.2,0.26666666666666666,0.10000000000000002,0.2333333333333333,0.3,0.417,0.0,0.625,3.3,4.5,7.8,0.8,1.3,0.5,0.8,0.0,0.0,0.0,0.06666666666666667,0.0,0.06666666666666667,0.0,0.0,0.03333333333333333,0.03333333333333333,2365,Chris Andersen
85,2016-17,0.409,0.0,0.714,0.8,1.8,2.6,0.4,0.4,0.4,0.6,0.375,0.0,0.8,0.3,1.3,1.5,0.3,0.3,0.4,0.6,,,,,,,,,,,0.0,0.0,0.0,0.0,0.1,0.1,0.0,0.0,0.0,0.1,2365,Chris Andersen
86,2005-06,0.414,0.414,0.805,0.6,1.3,1.9,0.9,0.9,0.3,0.1,0.462,0.458,0.889,0.2,0.5,0.7,0.4,0.4,0.1,0.0,,,,,,,,,,,,,,,,,,,,,101187,Alan Anderson
87,2006-07,0.457,0.25,0.826,0.6,1.2,1.9,1.2,1.3,0.4,0.0,0.4,0.2,1.0,0.1,0.6,0.8,0.6,0.6,0.2,0.0,,,,,,,,,,,,,,,,,,,,,101187,Alan Anderson
88,2011-12,0.387,0.393,0.853,0.5,1.5,2.0,1.5,1.5,0.3,0.2,0.152,0.25,0.867,0.1,0.4,0.5,0.5,0.4,0.0,0.1,,,,,,,,,,,,,,,,,,,,,101187,Alan Anderson
89,2012-13,0.383,0.333,0.857,0.5,1.8,2.3,1.6,1.2,0.7,0.1,0.376,0.358,0.891,0.2,0.8,1.0,0.7,0.4,0.2,0.0,,,,,,,,,,,,,,,,,,,,,101187,Alan Anderson
90,2013-14,0.4,0.339,0.78,0.5,1.7,2.2,1.0,0.8,0.6,0.1,0.372,0.265,0.788,0.3,0.6,0.9,0.4,0.3,0.3,0.0,0.403,0.29,0.667,0.8,1.8,2.7,1.3,0.8,0.8,0.0,,,,,,,,,,,101187,Alan Anderson
91,2014-15,0.443,0.348,0.812,0.4,2.3,2.8,1.1,0.8,0.8,0.1,0.409,0.3,0.833,0.2,0.7,0.9,0.3,0.3,0.3,0.1,0.61,0.625,0.667,0.3,3.2,3.5,1.2,1.3,0.7,0.2,0.333,0.238,0.0,0.0,0.1,0.1,0.0,0.0,0.0,0.0,101187,Alan Anderson
92,2015-16,0.356,0.324,0.733,0.1,2.0,2.1,1.1,0.2,0.3,0.1,0.308,0.333,0.333,0.1,1.0,1.1,0.3,0.0,0.1,0.1,,,,,,,,,,,0.4,0.333,0.0,0.0,0.0,0.0,0.0,0.1,0.0,0.0,101187,Alan Anderson
93,2016-17,0.375,0.318,0.75,0.1,0.7,0.8,0.4,0.2,0.1,0.0,0.375,0.304,0.8,0.1,0.3,0.4,0.3,0.1,0.1,0.0,,,,,,,,,,,0.0,0.0,0.0,0.0,0.0,0.0,0.0,0.0,0.0,0.0,101187,Alan Anderson
94,2015-16,0.406,0.265,0.8,0.3,2.1,2.4,0.5,0.4,0.3,0.5,0.488,0.333,0.839,0.2,1.1,1.3,0.2,0.2,0.1,0.3,0.459,0.308,0.643,1.8,2.2,4.0,1.4,1.0,0.8,0.6,0.357,0.333,0.0,0.0,0.1,0.1,0.1,0.1,0.0,0.0,1626147,Justin Anderson
95,2016-17,0.42933333333333334,0.298,0.7886666666666667,1.0,2.433333333333333,3.4,0.9666666666666667,0.9333333333333332,0.5,0.3,0.4493333333333333,0.27133333333333337,0.7963333333333334,0.5,1.0999999999999999,1.5999999999999999,0.5333333333333333,0.3333333333333333,0.2333333333333333,0.06666666666666667,,,,,,,,,,,0.34800000000000003,0.15,0.0,0.06666666666666667,0.10000000000000002,0.20000000000000004,0.06666666666666667,0.03333333333333333,0.0,0.0,1626147,Justin Anderson
96,2014-15,0.348,0.273,0.643,0.2,2.0,2.2,0.8,0.3,0.5,0.2,0.324,0.0,0.429,0.1,0.9,1.0,0.4,0.1,0.3,0.1,,,,,,,,,,,0.0,0.0,0.0,0.0,0.0,0.0,0.1,0.0,0.0,0.1,203937,Kyle Anderson
97,2015-16,0.468,0.324,0.747,0.3,2.8,3.1,1.6,0.8,0.8,0.4,0.5,0.4,0.667,0.1,1.1,1.2,0.6,0.4,0.3,0.2,0.32,0.333,0.857,0.2,2.2,2.4,0.7,0.4,0.6,0.3,0.386,0.0,0.5,0.0,0.1,0.1,0.1,0.1,0.0,0.0,203937,Kyle Anderson
98,2016-17,0.445,0.375,0.789,0.5,2.4,2.9,1.3,0.5,0.7,0.4,0.477,0.389,0.767,0.2,1.1,1.3,0.5,0.2,0.3,0.1,0.563,0.3,0.727,0.8,2.3,3.1,1.7,0.5,0.7,0.1,0.261,0.333,0.0,0.0,0.1,0.2,0.1,0.0,0.0,0.0,203937,Kyle Anderson
99,2008-09,0.393,0.365,0.845,1.6,3.1,4.7,0.8,1.0,0.7,0.3,0.358,0.385,0.867,0.3,0.8,1.2,0.3,0.3,0.2,0.1,,,,,,,,,,,,,,,,,,,,,201583,Ryan Anderson
100,2009-10,0.436,0.37,0.866,1.1,2.1,3.2,0.6,0.9,0.4,0.2,0.422,0.357,0.955,0.5,1.0,1.5,0.2,0.4,0.1,0.1,0.31,0.286,1.0,0.9,2.6,3.4,0.3,0.6,0.2,0.2,,,,,,,,,,,201583,Ryan Anderson
101,2010-11,0.43,0.393,0.812,2.0,3.5,5.5,0.8,0.8,0.5,0.6,0.421,0.396,0.816,0.8,1.2,2.0,0.3,0.3,0.2,0.1,0.267,0.3,1.0,1.7,2.8,4.5,0.5,0.2,0.8,0.2,,,,,,,,,,,201583,Ryan Anderson
102,2011-12,0.439,0.393,0.877,3.7,4.0,7.7,0.9,0.9,0.8,0.4,0.432,0.352,0.891,0.9,1.1,2.0,0.3,0.1,0.2,0.1,0.341,0.4,0.857,1.8,2.8,4.6,0.8,1.8,0.6,0.4,,,,,,,,,,,201583,Ryan Anderson
103,2012-13,0.423,0.382,0.844,2.4,4.0,6.4,1.2,1.2,0.5,0.4,0.416,0.371,0.931,0.7,1.3,2.0,0.4,0.2,0.2,0.2,,,,,,,,,,,,,,,,,,,,,201583,Ryan Anderson
104,2013-14,0.438,0.409,0.952,3.0,3.5,6.5,0.8,0.9,0.5,0.3,0.436,0.389,1.0,0.9,0.6,1.5,0.3,0.3,0.0,0.1,,,,,,,,,,,,,,,,,,,,,201583,Ryan Anderson
105,2014-15,0.399,0.34,0.854,1.8,3.1,4.8,0.9,1.0,0.5,0.3,0.374,0.333,0.828,0.5,1.0,1.5,0.3,0.3,0.2,0.1,0.444,0.417,1.0,1.8,2.5,4.3,2.3,1.0,0.0,0.5,0.373,0.176,0.0,0.1,0.1,0.2,0.1,0.1,0.0,0.0,201583,Ryan Anderson
106,2015-16,0.427,0.366,0.873,2.0,4.0,6.0,1.1,1.4,0.6,0.4,0.402,0.333,0.92,0.5,1.2,1.7,0.4,0.4,0.2,0.1,,,,,,,,,,,0.432,0.429,0.0,0.0,0.1,0.2,0.1,0.0,0.0,0.0,201583,Ryan Anderson
107,2016-17,0.418,0.403,0.86,1.6,3.0,4.6,0.9,0.8,0.4,0.2,0.411,0.416,0.833,0.4,1.0,1.4,0.2,0.1,0.1,0.1,0.391,0.283,0.875,1.4,3.8,5.2,0.6,0.8,0.4,0.2,0.447,0.333,1.0,0.1,0.0,0.2,0.1,0.0,0.0,0.0,201583,Ryan Anderson
108,2013-14,0.414,0.347,0.683,1.0,3.4,4.4,1.9,1.6,0.8,0.8,0.441,0.429,0.72,0.3,1.2,1.5,0.7,0.3,0.3,0.3,,,,,,,,,,,,,,,,,,,,,203507,Giannis Antetokounmpo
109,2014-15,0.491,0.159,0.741,1.2,5.5,6.7,2.6,2.1,0.9,1.0,0.557,0.333,0.695,0.2,1.3,1.5,0.4,0.5,0.1,0.3,0.366,0.0,0.739,2.0,5.0,7.0,2.7,1.8,0.5,1.5,0.392,0.143,0.0,0.1,0.1,0.2,0.1,0.1,0.1,0.1,203507,Giannis Antetokounmpo
110,2015-16,0.506,0.257,0.724,1.4,6.2,7.7,4.3,2.6,1.2,1.4,0.525,0.167,0.676,0.3,1.4,1.7,0.7,0.6,0.3,0.4,,,,,,,,,,,0.313,0.188,0.0,0.1,0.2,0.2,0.2,0.1,0.1,0.2,203507,Giannis Antetokounmpo
111,2016-17,0.521,0.272,0.77,1.8,7.0,8.8,5.4,2.9,1.6,1.9,0.517,0.242,0.721,0.4,1.8,2.2,1.2,0.6,0.3,0.5,0.536,0.4,0.543,1.7,7.8,9.5,4.0,3.3,2.2,1.7,0.366,0.308,1.0,0.1,0.3,0.3,0.4,0.1,0.1,0.2,203507,Giannis Antetokounmpo
112,2003-04,0.426,0.322,0.777,2.2,3.8,6.1,2.8,3.0,1.2,0.5,0.408,0.18,0.803,0.8,1.1,1.9,0.6,0.7,0.4,0.2,0.328,0.182,0.8,1.8,6.5,8.3,2.8,4.3,1.3,0.0,,,,,,,,,,,2546,Carmelo Anthony
113,2004-05,0.431,0.266,0.796,1.9,3.8,5.7,2.6,3.0,0.9,0.4,0.413,0.28,0.74,0.5,0.9,1.5,0.6,0.7,0.2,0.1,0.422,0.0,0.813,2.8,2.6,5.4,2.0,2.6,0.6,0.2,,,,,,,,,,,2546,Carmelo Anthony
114,2005-06,0.481,0.243,0.808,1.5,3.4,4.9,2.7,2.7,1.1,0.5,0.448,0.265,0.859,0.3,0.9,1.2,0.4,0.6,0.2,0.1,0.333,0.0,0.75,2.4,4.2,6.6,2.8,3.0,0.8,0.2,,,,,,,,,,,2546,Carmelo Anthony
115,2006-07,0.476,0.268,0.808,2.2,3.8,6.0,3.8,3.6,1.2,0.4,0.441,0.306,0.819,0.4,0.9,1.3,0.7,0.8,0.2,0.1,0.48,0.5,0.795,3.6,5.0,8.6,1.2,3.8,1.0,0.0,,,,,,,,,,,2546,Carmelo Anthony
116,2007-08,0.492,0.354,0.786,2.3,5.1,7.4,3.4,3.3,1.3,0.5,0.416,0.438,0.802,0.5,1.4,1.9,0.6,0.8,0.1,0.1,0.364,0.25,0.828,4.8,4.8,9.5,2.0,3.0,0.5,0.3,,,,,,,,,,,2546,Carmelo Anthony
117,2008-09,0.443,0.371,0.793,1.6,5.2,6.8,3.4,3.0,1.1,0.4,0.414,0.364,0.782,0.4,1.4,1.8,0.4,0.6,0.3,0.1,0.453,0.364,0.826,1.6,4.2,5.8,4.1,2.3,1.8,0.6,,,,,,,,,,,2546,Carmelo Anthony
118,2009-10,0.458,0.316,0.83,2.2,4.4,6.6,3.2,3.0,1.3,0.4,0.474,0.4,0.852,0.5,1.0,1.5,0.5,0.6,0.4,0.1,0.464,0.316,0.877,2.3,6.2,8.5,3.3,3.5,2.0,0.5,,,,,,,,,,,2546,Carmelo Anthony
119,2010-11,0.456,0.37833333333333335,0.8443333333333333,1.5,5.7,7.2,2.9,2.6333333333333333,0.9,0.6,0.4383333333333333,0.35000000000000003,0.8433333333333334,0.2333333333333333,1.5,1.7333333333333332,0.4000000000000001,0.5333333333333333,0.16666666666666666,0.06666666666666667,0.375,0.346,0.853,3.3,7.0,10.3,4.8,3.3,1.3,0.8,,,,,,,,,,,2546,Carmelo Anthony
120,2011-12,0.43,0.335,0.804,1.6,4.7,6.3,3.6,2.6,1.1,0.4,0.4,0.265,0.797,0.5,1.0,1.5,0.6,0.5,0.3,0.1,0.419,0.222,0.756,2.6,5.6,8.2,2.2,2.8,1.2,0.2,,,,,,,,,,,2546,Carmelo Anthony
121,2012-13,0.449,0.379,0.83,2.0,4.9,6.9,2.6,2.6,0.8,0.5,0.44,0.359,0.832,0.6,1.2,1.8,0.5,0.6,0.2,0.1,0.406,0.298,0.885,0.9,5.7,6.6,1.6,2.6,1.1,0.2,,,,,,,,,,,2546,Carmelo Anthony
122,2013-14,0.452,0.402,0.848,1.9,6.2,8.1,3.1,2.6,1.2,0.7,0.38,0.321,0.883,0.6,1.3,1.8,0.5,0.7,0.1,0.1,,,,,,,,,,,0.0,0.0,0.0,0.0,0.0,0.0,1.0,0.0,1.0,0.0,2546,Carmelo Anthony
123,2014-15,0.444,0.341,0.797,1.8,4.8,6.6,3.1,2.2,1.0,0.4,0.451,0.302,0.868,0.4,1.5,1.8,0.5,0.3,0.4,0.1,,,,,,,,,,,0.333,0.214,0.0,0.1,0.1,0.2,0.3,0.1,0.1,0.0,2546,Carmelo Anthony
124,2015-16,0.434,0.339,0.829,1.4,6.4,7.7,4.2,2.4,0.9,0.5,0.393,0.235,0.885,0.4,1.4,1.8,0.8,0.5,0.2,0.1,,,,,,,,,,,0.443,0.269,1.0,0.1,0.2,0.3,0.3,0.2,0.0,0.0,2546,Carmelo Anthony
125,2016-17,0.433,0.359,0.833,0.8,5.1,5.9,2.9,2.1,0.8,0.5,0.391,0.34,0.802,0.2,1.0,1.2,0.5,0.4,0.3,0.1,,,,,,,,,,,0.353,0.316,1.0,0.1,0.2,0.2,0.2,0.1,0.0,0.0,2546,Carmelo Anthony
126,2007-08,0.467,0.0,0.592,1.6,2.3,3.9,0.1,0.7,0.4,1.3,0.333,0.0,0.545,0.3,1.0,1.3,0.0,0.2,0.1,0.6,,,,,,,,,,,,,,,,,,,,,201202,Joel Anthony
127,2008-09,0.483,0.0,0.652,1.4,1.7,3.0,0.4,0.6,0.3,1.4,0.522,0.0,0.667,0.5,0.6,1.1,0.2,0.3,0.1,0.5,0.8,0.0,1.0,1.5,1.7,3.2,0.3,0.2,0.0,1.2,,,,,,,,,,,201202,Joel Anthony
128,2009-10,0.478,0.0,0.717,1.5,1.6,3.1,0.2,0.6,0.3,1.4,0.385,0.0,0.619,0.4,0.5,0.9,0.0,0.2,0.1,0.5,0.714,0.0,0.75,1.2,0.6,1.8,0.2,0.2,0.4,1.0,,,,,,,,,,,201202,Joel Anthony
129,2010-11,0.535,0.0,0.644,1.4,2.2,3.5,0.3,0.5,0.1,1.2,0.56,0.0,0.621,0.5,0.8,1.3,0.1,0.2,0.0,0.5,0.367,0.0,0.71,1.7,3.0,4.6,0.5,0.6,0.4,1.8,,,,,,,,,,,201202,Joel Anthony
130,2011-12,0.559,0.0,0.69,1.6,2.3,3.9,0.1,0.7,0.6,1.3,0.75,0.0,0.667,0.5,0.5,1.1,0.1,0.1,0.2,0.2,0.586,0.0,0.8,1.3,1.9,3.2,0.1,0.5,0.3,0.9,,,,,,,,,,,201202,Joel Anthony
131,2012-13,0.515,0.0,0.607,0.7,1.1,1.9,0.2,0.4,0.2,0.7,0.609,0.0,0.75,0.3,0.6,0.9,0.1,0.0,0.1,0.3,0.3,0.0,0.0,0.7,0.8,1.5,0.0,0.2,0.1,0.3,,,,,,,,,,,201202,Joel Anthony
132,2013-14,0.36433333333333334,0.0,0.611,0.43333333333333335,0.6666666666666666,1.1,0.06666666666666667,0.10000000000000002,0.06666666666666667,0.3666666666666667,0.4000000000000001,0.0,0.3333333333333333,0.19999999999999998,0.6666666666666666,0.8666666666666667,0.0,0.06666666666666667,0.0,0.16666666666666666,,,,,,,,,,,,,,,,,,,,,201202,Joel Anthony
133,2014-15,0.581,0.0,0.682,0.7,1.2,1.9,0.1,0.2,0.2,1.0,0.542,0.0,0.714,0.3,0.7,1.0,0.0,0.1,0.1,0.7,,,,,,,,,,,0.25,0.0,0.0,0.0,0.0,0.1,0.0,0.0,0.0,0.0,201202,Joel Anthony
134,2015-16,0.6,0.0,0.75,0.4,0.7,1.1,0.1,0.1,0.1,0.6,0.5,0.0,1.0,0.3,0.5,0.9,0.1,0.1,0.1,0.5,,,,,,,,,,,1.0,0.0,0.0,0.0,0.1,0.1,0.0,0.0,0.0,0.1,201202,Joel Anthony
135,2016-17,0.625,0.0,0.625,0.4,1.2,1.6,0.2,0.2,0.1,0.3,0.615,0.0,0.0,0.2,0.9,1.1,0.2,0.1,0.0,0.3,0.75,0.0,0.0,0.7,0.7,1.3,0.0,0.3,0.0,0.7,0.0,0.0,0.0,0.0,0.0,0.0,0.0,0.0,0.0,0.0,201202,Joel Anthony
136,2004-05,0.442,0.231,0.695,1.1,1.9,3.0,1.1,0.9,0.9,0.2,0.414,0.0,0.69,0.4,0.7,1.1,0.3,0.3,0.4,0.1,,,,,,,,,,,,,,,,,,,,,2772,Trevor Ariza
137,2005-06,0.41,0.17766666666666667,0.617,1.3999999999999997,2.466666666666667,3.8333333333333335,1.0333333333333334,1.0666666666666667,0.9666666666666667,0.20000000000000004,0.3116666666666667,0.0,0.5386666666666666,0.4666666666666666,0.7333333333333334,1.2,0.3,0.3666666666666667,0.39999999999999997,0.06666666666666667,,,,,,,,,,,,,,,,,,,,,2772,Trevor Ariza
138,2006-07,0.539,0.0,0.62,1.7,2.6,4.4,1.1,1.5,1.0,0.3,0.568,0.0,0.661,0.6,1.0,1.6,0.4,0.5,0.3,0.2,0.313,0.0,0.25,1.3,1.0,2.3,1.3,1.0,0.3,0.0,,,,,,,,,,,2772,Trevor Ariza
139,2007-08,0.49433333333333335,0.20366666666666666,0.6230000000000001,0.7999999999999999,2.1333333333333333,2.9333333333333336,1.1666666666666667,0.6666666666666666,0.8333333333333334,0.3,0.496,0.19433333333333333,0.5663333333333332,0.3666666666666667,0.8333333333333334,1.2,0.5,0.26666666666666666,0.3,0.13333333333333333,0.583,0.25,0.5,0.4,1.0,1.4,0.1,0.1,0.1,0.1,,,,,,,,,,,2772,Trevor Ariza
140,2008-09,0.46,0.319,0.71,1.4,2.9,4.3,1.8,1.1,1.7,0.3,0.491,0.354,0.804,0.5,1.0,1.5,0.6,0.3,0.5,0.1,0.497,0.476,0.563,1.0,3.3,4.2,2.3,1.7,1.6,0.4,,,,,,,,,,,2772,Trevor Ariza
141,2009-10,0.394,0.334,0.649,1.1,4.5,5.6,3.8,2.2,1.8,0.6,0.342,0.269,0.661,0.2,1.2,1.4,0.8,0.5,0.2,0.1,,,,,,,,,,,,,,,,,,,,,2772,Trevor Ariza
142,2010-11,0.398,0.303,0.701,0.8,4.6,5.4,2.2,1.6,1.6,0.4,0.296,0.2,0.632,0.2,1.0,1.2,0.4,0.2,0.3,0.1,0.412,0.333,0.727,1.2,5.3,6.5,3.3,1.2,1.3,0.5,,,,,,,,,,,2772,Trevor Ariza
143,2011-12,0.417,0.333,0.775,1.0,4.2,5.2,3.3,1.9,1.7,0.6,0.383,0.294,0.826,0.3,1.4,1.7,0.6,0.5,0.4,0.1,,,,,,,,,,,,,,,,,,,,,2772,Trevor Ariza
144,2012-13,0.417,0.364,0.821,0.8,4.0,4.8,2.0,1.5,1.3,0.4,0.43,0.379,0.654,0.3,1.7,2.0,0.4,0.6,0.4,0.1,,,,,,,,,,,,,,,,,,,,,2772,Trevor Ariza
145,2013-14,0.456,0.407,0.772,1.3,4.9,6.2,2.5,1.7,1.6,0.3,0.347,0.267,0.767,0.3,1.1,1.4,0.5,0.2,0.3,0.1,0.481,0.446,0.778,1.9,7.0,8.9,1.7,1.3,1.5,0.4,,,,,,,,,,,2772,Trevor Ariza
146,2014-15,0.402,0.35,0.853,0.9,4.7,5.6,2.5,1.7,1.9,0.2,0.339,0.303,0.906,0.2,1.3,1.5,0.6,0.4,0.4,0.1,0.426,0.375,0.905,1.1,5.4,6.4,2.6,1.4,1.8,0.1,0.281,0.29,0.0,0.0,0.1,0.1,0.1,0.1,0.0,0.0,2772,Trevor Ariza
147,2015-16,0.416,0.371,0.783,0.8,3.7,4.5,2.3,1.4,2.0,0.3,0.396,0.333,0.65,0.1,1.0,1.1,0.6,0.2,0.4,0.1,0.255,0.143,0.75,1.4,2.8,4.2,0.8,2.4,2.6,0.2,0.327,0.28,0.0,0.1,0.1,0.2,0.1,0.1,0.1,0.0,2772,Trevor Ariza
148,2016-17,0.409,0.344,0.738,0.7,5.1,5.7,2.2,0.9,1.8,0.3,0.378,0.352,0.92,0.2,1.0,1.1,0.5,0.2,0.3,0.1,0.423,0.377,0.929,0.7,4.4,5.1,2.1,0.8,1.3,0.2,0.41,0.263,0.0,0.0,0.1,0.1,0.1,0.0,0.1,0.0,2772,Trevor Ariza
149,2008-09,0.438,0.0,0.667,1.4,3.1,4.6,0.6,0.6,0.7,0.7,0.463,0.0,0.571,0.3,0.7,1.0,0.2,0.1,0.1,0.2,,,,,,,,,,,,,,,,,,,,,201589,Darrell Arthur
150,2009-10,0.432,0.0,0.567,1.2,2.3,3.4,0.5,0.7,0.4,0.4,0.41,0.0,0.75,0.4,0.8,1.2,0.2,0.3,0.0,0.2,,,,,,,,,,,,,,,,,,,,,201589,Darrell Arthur
151,2010-11,0.497,0.0,0.813,1.4,2.8,4.3,0.7,1.1,0.7,0.8,0.491,0.0,0.86,0.5,0.8,1.2,0.3,0.4,0.2,0.3,0.459,1.0,0.765,1.1,1.2,2.2,0.5,0.9,0.5,0.9,,,,,,,,,,,201589,Darrell Arthur
152,2012-13,0.451,0.278,0.717,1.2,1.7,2.9,0.6,0.7,0.4,0.6,0.468,0.167,0.5,0.4,0.6,1.0,0.2,0.4,0.1,0.2,0.472,0.0,0.889,0.9,1.6,2.5,0.4,0.5,0.1,0.3,,,,,,,,,,,201589,Darrell Arthur
153,2013-14,0.395,0.375,0.855,0.8,2.3,3.1,0.9,0.9,0.6,0.7,0.47,0.435,0.9,0.2,0.7,0.9,0.3,0.3,0.2,0.2,,,,,,,,,,,,,,,,,,,,,201589,Darrell Arthur
154,2014-15,0.404,0.236,0.78,0.9,2.0,2.9,1.0,0.8,0.8,0.4,0.387,0.206,0.813,0.4,0.7,1.1,0.2,0.2,0.2,0.2,,,,,,,,,,,0.105,0.0,0.0,0.0,0.1,0.1,0.0,0.1,0.0,0.1,201589,Darrell Arthur
155,2015-16,0.452,0.385,0.755,1.2,3.0,4.2,1.4,0.9,0.8,0.7,0.419,0.294,0.846,0.3,0.8,1.1,0.4,0.3,0.3,0.3,,,,,,,,,,,0.355,0.308,0.0,0.1,0.1,0.2,0.1,0.1,0.0,0.1,201589,Darrell Arthur
156,2016-17,0.442,0.453,0.864,0.6,2.1,2.7,1.0,0.9,0.5,0.5,0.383,0.333,1.0,0.2,0.8,1.0,0.5,0.1,0.3,0.3,,,,,,,,,,,0.444,0.667,0.0,0.0,0.2,0.2,0.0,0.0,0.0,0.1,201589,Darrell Arthur
157,2010-11,0.553,0.0,0.503,1.4,2.4,3.7,0.4,0.8,0.2,0.7,0.571,0.0,0.537,0.5,1.0,1.5,0.1,0.3,0.0,0.2,0.462,0.0,0.3,0.7,1.4,2.1,0.1,0.5,0.1,0.5,,,,,,,,,,,201600,Omer Asik
158,2011-12,0.506,0.0,0.456,1.9,3.4,5.3,0.5,1.0,0.5,1.0,0.462,0.0,0.491,0.7,1.4,2.1,0.2,0.5,0.1,0.4,0.5,0.0,0.353,1.3,3.3,4.7,1.3,1.3,0.2,1.7,,,,,,,,,,,201600,Omer Asik
159,2012-13,0.541,0.0,0.562,3.4,8.3,11.7,0.9,2.1,0.6,1.1,0.524,0.0,0.455,0.7,1.6,2.3,0.2,0.4,0.1,0.3,0.564,0.0,0.638,3.5,7.7,11.2,0.5,2.0,0.5,1.7,,,,,,,,,,,201600,Omer Asik
160,2013-14,0.532,0.0,0.619,2.1,5.8,7.9,0.5,1.2,0.3,0.8,0.5,0.0,0.6,0.6,1.4,2.0,0.1,0.3,0.1,0.2,0.485,0.0,1.0,3.5,4.7,8.2,0.7,1.8,0.5,0.7,,,,,,,,,,,201600,Omer Asik
161,2014-15,0.517,0.0,0.582,3.2,6.6,9.8,0.9,1.3,0.4,0.7,0.469,0.0,0.585,0.6,1.3,1.9,0.1,0.3,0.1,0.2,0.2,0.0,0.571,3.0,4.3,7.3,1.5,1.3,1.3,0.0,0.464,0.0,0.0,0.2,0.1,0.4,0.1,0.1,0.0,0.1,201600,Omer Asik
162,2015-16,0.533,0.0,0.545,1.8,4.3,6.1,0.4,0.9,0.3,0.3,0.45,0.0,0.5,0.6,0.9,1.5,0.1,0.2,0.0,0.2,,,,,,,,,,,0.4,0.0,0.0,0.1,0.1,0.2,0.0,0.0,0.0,0.0,201600,Omer Asik
163,2016-17,0.477,0.0,0.59,1.5,3.7,5.3,0.5,0.5,0.2,0.3,0.667,0.0,0.286,0.5,1.0,1.5,0.0,0.1,0.0,0.0,,,,,,,,,,,0.333,0.0,0.0,0.1,0.1,0.1,0.0,0.0,0.0,0.0,201600,Omer Asik
164,2008-09,0.43,0.439,0.893,0.2,1.6,1.8,3.5,1.7,0.6,0.0,0.446,0.462,0.885,0.1,0.6,0.7,1.0,0.6,0.3,0.0,,,,,,,,,,,,,,,,,,,,,201571,D.J. Augustin
165,2009-10,0.386,0.393,0.779,0.1,1.1,1.2,2.4,0.9,0.6,0.1,0.426,0.438,0.873,0.0,0.4,0.5,0.9,0.4,0.2,0.0,0.294,0.333,0.833,0.3,0.8,1.0,1.8,1.0,0.3,0.3,,,,,,,,,,,201571,D.J. Augustin
166,2010-11,0.416,0.333,0.906,0.5,2.3,2.7,6.1,1.9,0.7,0.0,0.419,0.404,0.894,0.1,0.6,0.7,1.2,0.3,0.1,0.0,,,,,,,,,,,,,,,,,,,,,201571,D.J. Augustin
167,2011-12,0.376,0.341,0.875,0.5,1.8,2.3,6.4,2.3,0.8,0.0,0.367,0.256,0.842,0.1,0.6,0.6,1.0,0.5,0.1,0.0,,,,,,,,,,,,,,,,,,,,,201571,D.J. Augustin
168,2012-13,0.35,0.353,0.838,0.3,0.9,1.2,2.2,0.9,0.4,0.0,0.41,0.41,0.939,0.1,0.3,0.4,0.9,0.3,0.1,0.0,0.38,0.396,0.806,0.1,0.7,0.8,0.7,0.5,0.4,0.0,,,,,,,,,,,201571,D.J. Augustin
169,2013-14,0.3753333333333333,0.301,0.9223333333333333,0.13333333333333333,1.2666666666666668,1.4333333333333336,3.466666666666667,1.5333333333333334,0.5666666666666668,0.0,0.3983333333333334,0.35766666666666663,0.6073333333333334,0.10000000000000002,0.6,0.7000000000000001,1.1666666666666667,0.7999999999999999,0.13333333333333333,0.0,0.292,0.269,0.895,0.8,0.8,1.6,4.8,1.8,0.6,0.0,,,,,,,,,,,201571,D.J. Augustin
170,2014-15,0.3933333333333333,0.3393333333333333,0.8663333333333334,0.2333333333333333,1.7333333333333332,2.033333333333333,4.1000000000000005,1.7,0.6,0.0,0.3586666666666667,0.3246666666666667,0.8596666666666666,0.06666666666666667,0.6,0.7333333333333334,1.2333333333333332,0.6,0.20000000000000004,0.0,,,,,,,,,,,0.26966666666666667,0.2313333333333333,0.0,0.0,0.03333333333333333,0.03333333333333333,0.3,0.06666666666666667,0.03333333333333333,0.0,201571,D.J. Augustin
171,2015-16,0.416,0.403,0.7963333333333334,0.10000000000000002,1.4333333333333336,1.5666666666666667,3.266666666666667,1.4000000000000001,0.6333333333333333,0.10000000000000002,0.43199999999999994,0.37033333333333335,0.7949999999999999,0.06666666666666667,0.6333333333333333,0.6999999999999998,1.2666666666666666,0.5,0.26666666666666666,0.0,,,,,,,,,,,0.4033333333333333,0.5653333333333334,0.0,0.0,0.0,0.0,0.10000000000000002,0.06666666666666667,0.0,0.0,201571,D.J. Augustin
172,2016-17,0.377,0.347,0.814,0.2,1.3,1.5,2.7,1.2,0.4,0.0,0.37,0.298,0.889,0.1,0.4,0.5,0.9,0.3,0.1,0.0,,,,,,,,,,,0.182,0.231,0.0,0.0,0.0,0.1,0.2,0.0,0.0,0.0,201571,D.J. Augustin
173,2010-11,0.273,0.188,0.333,0.3,1.0,1.3,0.3,0.3,0.1,0.1,0.242,0.0,0.333,0.2,0.7,0.9,0.3,0.2,0.1,0.1,,,,,,,,,,,,,,,,,,,,,202337,Luke Babbitt
174,2011-12,0.41,0.43,0.85,0.4,2.0,2.4,0.4,0.7,0.3,0.1,0.355,0.324,0.875,0.3,1.0,1.3,0.2,0.4,0.1,0.1,,,,,,,,,,,,,,,,,,,,,202337,Luke Babbitt
175,2012-13,0.368,0.348,0.769,0.2,2.0,2.2,0.5,0.4,0.2,0.1,0.348,0.347,0.8,0.1,1.2,1.3,0.3,0.2,0.1,0.1,,,,,,,,,,,,,,,,,,,,,202337,Luke Babbitt
176,2013-14,0.39,0.379,0.778,0.7,2.6,3.3,1.1,0.6,0.3,0.4,0.408,0.333,0.833,0.4,1.0,1.4,0.5,0.3,0.1,0.2,,,,,,,,,,,,,,,,,,,,,202337,Luke Babbitt
177,2014-15,0.479,0.513,0.684,0.2,1.6,1.8,0.4,0.4,0.3,0.2,0.591,0.677,0.429,0.1,0.7,0.8,0.3,0.1,0.1,0.1,,,,,,,,,,,0.111,0.0,0.0,0.0,0.0,0.0,0.0,0.1,0.0,0.0,202337,Luke Babbitt
178,2015-16,0.422,0.404,0.78,0.5,2.6,3.1,1.1,0.5,0.2,0.1,0.394,0.467,0.8,0.1,1.0,1.1,0.2,0.3,0.1,0.0,,,,,,,,,,,0.5,0.5,0.0,0.0,0.1,0.1,0.1,0.0,0.0,0.0,202337,Luke Babbitt
179,2016-17,0.402,0.414,0.733,0.2,1.9,2.1,0.5,0.4,0.3,0.2,0.4,0.462,0.5,0.0,0.4,0.4,0.0,0.2,0.1,0.1,,,,,,,,,,,0.4,0.625,0.0,0.0,0.0,0.0,0.1,0.0,0.0,0.0,202337,Luke Babbitt
180,2016-17,0.378,0.267,0.651,0.2,1.7,1.9,2.1,1.1,0.7,0.2,0.364,0.297,0.75,0.0,0.7,0.8,0.8,0.4,0.3,0.1,,,,,,,,,,,0.143,0.2,0.0,0.0,0.1,0.1,0.1,0.1,0.1,0.0,1627758,Ron Baker
181,2016-17,0.313,0.136,0.838,0.3,1.1,1.4,1.8,1.2,0.5,0.2,0.295,0.222,0.875,0.1,0.5,0.5,0.7,0.3,0.3,0.1,0.0,0.0,1.0,0.3,1.0,1.3,0.7,0.0,0.0,0.0,0.118,0.0,0.0,0.0,0.0,0.0,0.1,0.1,0.1,0.0,1627735,Wade Baldwin IV
182,2003-04,0.447,0.395,0.77,0.3,1.4,1.8,2.4,1.7,1.3,0.1,0.378,0.267,0.8,0.1,0.4,0.5,0.8,0.5,0.5,0.0,,,,,,,,,,,,,,,,,,,,,2571,Leandro Barbosa
183,2004-05,0.475,0.367,0.797,0.5,1.6,2.1,2.0,1.4,0.5,0.1,0.386,0.304,0.727,0.2,0.5,0.6,0.6,0.4,0.1,0.1,0.343,0.4,0.5,0.4,1.0,1.4,1.0,0.4,0.3,0.0,,,,,,,,,,,2571,Leandro Barbosa
184,2005-06,0.481,0.444,0.755,0.5,2.1,2.6,2.8,1.6,0.8,0.1,0.5,0.451,0.795,0.1,0.6,0.7,0.8,0.5,0.3,0.0,0.47,0.391,0.862,0.3,1.4,1.6,2.7,1.5,0.8,0.2,,,,,,,,,,,2571,Leandro Barbosa
185,2006-07,0.476,0.434,0.845,0.3,2.4,2.7,4.0,1.8,1.2,0.2,0.478,0.47,0.815,0.1,0.8,0.9,1.0,0.5,0.3,0.1,0.405,0.305,0.718,0.6,2.8,3.5,2.2,2.0,1.1,0.2,,,,,,,,,,,2571,Leandro Barbosa
186,2007-08,0.462,0.389,0.822,0.5,2.3,2.8,2.6,1.4,0.9,0.2,0.447,0.353,0.778,0.2,0.7,0.8,0.8,0.4,0.3,0.1,0.345,0.222,0.909,0.4,3.6,4.0,1.8,0.8,0.6,0.0,,,,,,,,,,,2571,Leandro Barbosa
187,2008-09,0.482,0.375,0.881,0.5,2.1,2.6,2.3,1.3,1.2,0.1,0.5,0.364,0.884,0.2,0.8,0.9,0.6,0.3,0.4,0.0,,,,,,,,,,,,,,,,,,,,,2571,Leandro Barbosa
188,2009-10,0.425,0.324,0.877,0.3,1.3,1.6,1.5,1.0,0.5,0.3,0.457,0.34,0.941,0.1,0.5,0.6,0.6,0.5,0.2,0.2,0.417,0.343,0.708,0.1,1.2,1.3,1.3,0.9,0.3,0.1,,,,,,,,,,,2571,Leandro Barbosa
189,2010-11,0.45,0.338,0.796,0.2,1.5,1.7,2.1,1.4,0.9,0.1,0.431,0.333,0.854,0.1,0.6,0.7,0.8,0.5,0.3,0.1,,,,,,,,,,,,,,,,,,,,,2571,Leandro Barbosa
190,2011-12,0.42,0.38866666666666666,0.8026666666666666,0.5,1.5333333333333332,2.033333333333333,1.5,1.4333333333333336,0.9,0.10000000000000002,0.422,0.4043333333333334,0.8083333333333335,0.10000000000000002,0.5333333333333333,0.6999999999999998,0.4666666666666666,0.5,0.26666666666666666,0.0,0.37,0.15,0.5,0.5,1.7,2.2,1.3,1.2,0.5,0.1,,,,,,,,,,,2571,Leandro Barbosa
191,2012-13,0.43,0.383,0.756,0.2,0.9,1.1,1.4,0.5,0.4,0.1,0.457,0.35,0.75,0.1,0.3,0.4,0.5,0.3,0.2,0.1,,,,,,,,,,,,,,,,,,,,,2571,Leandro Barbosa
192,2013-14,0.427,0.28,0.795,0.3,1.6,1.9,1.6,1.0,0.4,0.2,0.514,0.571,0.813,0.1,0.8,0.9,0.6,0.1,0.2,0.1,,,,,,,,,,,,,,,,,,,,,2571,Leandro Barbosa
193,2014-15,0.474,0.384,0.784,0.3,1.0,1.4,1.5,0.7,0.6,0.1,0.407,0.357,0.872,0.1,0.4,0.5,0.6,0.3,0.3,0.0,0.443,0.348,0.818,0.4,0.9,1.3,0.9,0.6,0.3,0.0,0.308,0.2,0.0,0.0,0.0,0.0,0.1,0.0,0.0,0.0,2571,Leandro Barbosa
194,2015-16,0.462,0.355,0.839,0.4,1.3,1.7,1.2,0.8,0.6,0.1,0.438,0.25,0.84,0.1,0.4,0.5,0.4,0.3,0.3,0.1,0.58,0.393,0.762,0.5,0.7,1.2,0.7,0.5,0.5,0.0,0.235,0.0,0.0,0.0,0.0,0.0,0.0,0.0,0.0,0.0,2571,Leandro Barbosa
195,2016-17,0.439,0.357,0.889,0.2,1.3,1.6,1.2,0.7,0.5,0.1,0.471,0.333,0.833,0.1,0.5,0.6,0.5,0.2,0.3,0.0,,,,,,,,,,,0.348,0.25,0.0,0.0,0.0,0.0,0.1,0.1,0.0,0.0,2571,Leandro Barbosa
196,2006-07,0.359,0.286,0.667,0.2,0.5,0.8,0.7,0.4,0.0,0.0,0.373,0.2,0.533,0.1,0.3,0.4,0.6,0.3,0.0,0.0,0.0,0.0,0.0,0.0,0.0,0.0,0.0,0.0,0.0,0.0,,,,,,,,,,,200826,J.J. Barea
197,2007-08,0.418,0.389,0.8,0.1,1.0,1.1,1.3,0.8,0.3,0.0,0.393,0.37,0.8,0.0,0.3,0.4,0.3,0.3,0.2,0.0,0.75,1.0,0.0,0.0,0.0,0.0,1.0,0.0,0.0,0.0,,,,,,,,,,,200826,J.J. Barea
198,2008-09,0.442,0.357,0.753,0.5,1.8,2.2,3.4,1.3,0.5,0.1,0.401,0.328,0.733,0.3,0.8,1.0,1.4,0.6,0.1,0.0,0.437,0.313,0.692,0.3,1.7,2.0,3.4,0.6,0.3,0.0,,,,,,,,,,,200826,J.J. Barea
199,2009-10,0.44,0.357,0.844,0.2,1.7,1.9,3.3,1.3,0.4,0.1,0.413,0.318,0.833,0.1,0.6,0.7,1.1,0.5,0.2,0.0,0.405,0.4,0.333,0.7,1.3,2.0,2.5,1.7,0.3,0.2,,,,,,,,,,,200826,J.J. Barea
200,2010-11,0.439,0.349,0.847,0.4,1.6,2.0,3.9,1.7,0.4,0.0,0.437,0.315,0.784,0.1,0.6,0.7,1.4,0.6,0.1,0.0,0.419,0.32,0.794,0.4,1.5,1.9,3.4,1.1,0.3,0.0,,,,,,,,,,,200826,J.J. Barea
201,2011-12,0.4,0.371,0.776,0.3,2.4,2.8,5.7,2.5,0.5,0.0,0.365,0.419,0.8,0.2,0.8,1.0,1.4,0.7,0.2,0.0,,,,,,,,,,,,,,,,,,,,,200826,J.J. Barea
202,2012-13,0.417,0.346,0.784,0.5,2.3,2.8,4.0,2.0,0.4,0.0,0.408,0.381,0.648,0.2,0.9,1.1,1.3,0.7,0.1,0.0,,,,,,,,,,,,,,,,,,,,,200826,J.J. Barea
203,2013-14,0.387,0.316,0.79,0.2,1.7,1.9,3.8,1.6,0.3,0.0,0.329,0.206,0.85,0.0,0.6,0.6,1.2,0.6,0.1,0.0,,,,,,,,,,,,,,,,,,,,,200826,J.J. Barea
204,2014-15,0.42,0.323,0.809,0.3,1.4,1.7,3.4,0.9,0.4,0.0,0.427,0.333,0.826,0.1,0.6,0.7,1.2,0.2,0.2,0.0,0.439,0.25,0.833,1.0,3.8,4.8,7.4,2.8,0.8,0.0,0.345,0.31,0.0,0.0,0.0,0.0,0.1,0.0,0.0,0.0,200826,J.J. Barea
205,2015-16,0.446,0.385,0.771,0.4,1.7,2.1,4.1,1.5,0.4,0.0,0.43,0.323,0.781,0.1,0.7,0.9,1.2,0.5,0.2,0.0,0.324,0.125,1.0,0.0,1.5,1.5,5.0,2.8,0.0,0.0,0.322,0.207,0.0,0.0,0.0,0.1,0.2,0.1,0.0,0.0,200826,J.J. Barea
206,2016-17,0.414,0.358,0.863,0.3,2.1,2.4,5.5,1.8,0.4,0.0,0.474,0.4,1.0,0.1,0.3,0.4,1.4,0.4,0.1,0.0,,,,,,,,,,,0.452,0.375,1.0,0.0,0.0,0.0,0.4,0.1,0.0,0.0,200826,J.J. Barea
207,2012-13,0.439,0.359,0.758,0.7,3.5,4.1,1.2,1.2,0.6,0.2,0.505,0.409,0.76,0.1,0.7,0.8,0.2,0.3,0.1,0.0,0.444,0.365,0.857,1.5,4.9,6.4,1.3,1.3,0.6,0.4,,,,,,,,,,,203084,Harrison Barnes
208,2013-14,0.399,0.347,0.718,0.8,3.1,4.0,1.5,1.1,0.8,0.3,0.374,0.375,0.726,0.3,0.9,1.2,0.4,0.2,0.2,0.1,0.396,0.381,0.563,1.0,3.0,4.0,1.1,0.7,0.1,0.4,,,,,,,,,,,203084,Harrison Barnes
209,2014-15,0.482,0.405,0.72,1.4,4.1,5.5,1.4,0.9,0.7,0.2,0.459,0.345,0.703,0.3,1.1,1.5,0.2,0.3,0.1,0.0,0.44,0.355,0.735,2.1,3.1,5.2,1.5,1.0,0.8,0.5,0.28,0.429,0.0,0.0,0.0,0.1,0.0,0.0,0.0,0.0,203084,Harrison Barnes
210,2015-16,0.466,0.383,0.761,1.2,3.8,4.9,1.8,0.9,0.6,0.2,0.47,0.426,0.744,0.3,1.0,1.3,0.4,0.2,0.1,0.1,0.385,0.342,0.765,1.1,3.5,4.7,1.3,0.8,0.7,0.2,0.355,0.071,0.0,0.0,0.0,0.1,0.0,0.0,0.0,0.0,203084,Harrison Barnes
211,2016-17,0.468,0.351,0.861,1.2,3.8,5.0,1.5,1.3,0.8,0.2,0.442,0.429,0.873,0.3,0.9,1.2,0.4,0.5,0.2,0.0,,,,,,,,,,,0.451,0.179,0.75,0.0,0.1,0.1,0.1,0.1,0.0,0.0,203084,Harrison Barnes
212,2003-04,0.457,0.154,0.705,1.4,2.6,4.0,1.3,1.2,0.7,0.1,0.477,0.0,0.583,0.6,1.1,1.7,0.5,0.3,0.3,0.0,,,,,,,,,,,,,,,,,,,,,2440,Matt Barnes
213,2004-05,0.411,0.227,0.603,1.1,2.0,3.1,1.3,1.0,0.7,0.2,0.32,0.25,0.652,0.4,0.8,1.2,0.5,0.6,0.2,0.1,,,,,,,,,,,,,,,,,,,,,2440,Matt Barnes
214,2005-06,0.4676666666666667,0.21066666666666667,0.7016666666666667,0.9666666666666668,1.7333333333333334,2.6999999999999997,0.6333333333333333,0.6666666666666666,0.4666666666666666,0.06666666666666667,0.3726666666666667,0.10333333333333333,0.7966666666666667,0.3333333333333333,0.4000000000000001,0.8000000000000002,0.13333333333333333,0.13333333333333333,0.06666666666666667,0.0,,,,,,,,,,,,,,,,,,,,,2440,Matt Barnes
215,2006-07,0.438,0.366,0.732,1.2,3.4,4.6,2.1,1.4,1.0,0.5,0.429,0.347,0.697,0.3,1.0,1.4,0.6,0.3,0.2,0.2,0.45,0.422,0.722,2.4,3.4,5.7,2.4,1.8,1.5,0.4,,,,,,,,,,,2440,Matt Barnes
216,2007-08,0.423,0.293,0.747,1.3,3.2,4.4,1.9,1.2,0.7,0.5,0.389,0.196,0.609,0.4,1.2,1.6,0.5,0.3,0.2,0.1,,,,,,,,,,,,,,,,,,,,,2440,Matt Barnes
217,2008-09,0.423,0.343,0.743,1.0,4.4,5.5,2.8,1.7,0.7,0.3,0.366,0.278,0.778,0.3,1.3,1.5,0.6,0.4,0.2,0.1,,,,,,,,,,,,,,,,,,,,,2440,Matt Barnes
218,2009-10,0.487,0.319,0.74,1.3,4.2,5.5,1.7,1.4,0.7,0.4,0.436,0.261,0.769,0.4,1.3,1.7,0.5,0.4,0.2,0.1,0.4,0.375,0.85,1.1,3.6,4.7,1.4,0.7,0.7,0.2,,,,,,,,,,,2440,Matt Barnes
219,2010-11,0.47,0.318,0.779,1.4,2.9,4.3,1.3,1.1,0.7,0.4,0.475,0.31,0.771,0.6,1.3,1.9,0.5,0.4,0.2,0.2,0.395,0.167,0.571,1.1,1.7,2.8,0.5,0.6,0.7,0.2,,,,,,,,,,,2440,Matt Barnes
220,2011-12,0.452,0.333,0.742,1.5,3.9,5.5,2.0,1.2,0.6,0.8,0.402,0.275,0.722,0.5,1.3,1.8,0.8,0.3,0.1,0.3,0.271,0.161,0.5,0.8,2.5,3.3,1.5,1.4,0.9,0.5,,,,,,,,,,,2440,Matt Barnes
221,2012-13,0.462,0.342,0.744,1.4,3.2,4.6,1.5,1.1,1.0,0.8,0.491,0.355,0.75,0.5,1.3,1.9,0.5,0.3,0.4,0.3,0.545,0.412,0.842,1.2,3.8,5.0,0.5,0.8,0.7,0.3,,,,,,,,,,,2440,Matt Barnes
222,2013-14,0.438,0.343,0.733,1.0,3.7,4.6,2.0,1.3,0.9,0.4,0.389,0.305,0.667,0.2,1.0,1.3,0.4,0.3,0.2,0.1,0.421,0.317,0.684,1.7,2.8,4.5,1.8,1.3,0.9,0.2,,,,,,,,,,,2440,Matt Barnes
223,2014-15,0.444,0.362,0.779,0.7,3.3,4.0,1.5,1.1,0.9,0.7,0.48,0.257,0.529,0.2,0.9,1.1,0.2,0.2,0.2,0.2,0.38,0.267,0.75,1.1,3.9,5.1,1.6,1.1,1.4,0.7,0.283,0.226,0.0,0.0,0.1,0.1,0.1,0.0,0.0,0.0,2440,Matt Barnes
224,2015-16,0.381,0.322,0.804,1.1,4.4,5.5,2.1,1.6,1.0,0.8,0.374,0.315,0.825,0.4,1.2,1.5,0.6,0.3,0.3,0.1,0.348,0.167,0.8,1.3,6.0,7.3,2.8,3.3,1.0,0.3,0.234,0.133,0.0,0.0,0.1,0.2,0.1,0.0,0.0,0.1,2440,Matt Barnes
225,2016-17,0.399,0.33466666666666667,0.805,0.9,4.133333333333334,5.066666666666667,2.566666666666667,1.3666666666666665,0.6333333333333333,0.39999999999999997,0.36066666666666664,0.29666666666666663,0.7806666666666667,0.3666666666666667,1.4333333333333333,1.7666666666666668,0.6666666666666666,0.5,0.2333333333333333,0.16666666666666666,0.267,0.125,0.0,0.0,0.8,0.8,0.6,0.3,0.2,0.0,0.295,0.3333333333333333,0.0,0.03333333333333333,0.10000000000000002,0.13333333333333333,0.13333333333333333,0.0,0.0,0.0,2440,Matt Barnes
226,2012-13,0.382,0.138,0.769,0.5,1.5,2.0,0.8,0.8,0.5,0.1,0.402,0.091,0.846,0.2,0.6,0.8,0.5,0.4,0.3,0.1,,,,,,,,,,,,,,,,,,,,,203115,Will Barton
227,2013-14,0.417,0.303,0.813,0.4,1.4,1.8,0.8,0.4,0.2,0.2,0.446,0.389,0.889,0.2,0.6,0.9,0.5,0.3,0.1,0.0,0.5,0.545,0.833,0.7,1.0,1.7,0.4,0.9,0.1,0.3,,,,,,,,,,,203115,Will Barton
228,2014-15,0.416,0.25899999999999995,0.7546666666666667,0.4333333333333334,2.3666666666666667,2.8333333333333335,1.4000000000000001,1.1,0.8333333333333334,0.3,0.4683333333333333,0.3036666666666667,0.879,0.19999999999999998,0.9666666666666667,1.2,0.6333333333333333,0.46666666666666673,0.4666666666666666,0.16666666666666666,,,,,,,,,,,0.25966666666666666,0.072,0.0,0.03333333333333333,0.03333333333333333,0.06666666666666667,0.10000000000000002,0.0,0.06666666666666667,0.0,203115,Will Barton
229,2015-16,0.432,0.345,0.806,0.7,5.1,5.8,2.5,1.7,0.9,0.5,0.454,0.371,0.826,0.2,2.0,2.3,0.7,0.7,0.3,0.2,,,,,,,,,,,0.275,0.154,0.0,0.0,0.2,0.3,0.1,0.0,0.0,0.0,203115,Will Barton
230,2016-17,0.443,0.37,0.753,1.0,3.4,4.3,3.4,1.6,0.8,0.5,0.426,0.333,0.783,0.3,0.9,1.1,0.8,0.5,0.2,0.2,,,,,,,,,,,0.4,0.3,0.333,0.1,0.2,0.3,0.2,0.0,0.0,0.0,203115,Will Barton
231,2005-06,0.4,0.0,0.632,0.6,1.7,2.3,0.1,0.4,0.1,0.2,0.464,0.0,0.615,0.2,1.1,1.3,0.0,0.2,0.1,0.2,,,,,,,,,,,,,,,,,,,,,101138,Brandon Bass
232,2006-07,0.341,0.0,0.75,0.6,1.4,2.0,0.1,0.5,0.1,0.1,0.381,0.0,0.8,0.6,1.0,1.6,0.1,0.5,0.1,0.0,,,,,,,,,,,,,,,,,,,,,101138,Brandon Bass
233,2007-08,0.499,0.0,0.822,1.5,2.9,4.4,0.7,1.0,0.3,0.6,0.459,0.0,0.779,0.5,1.0,1.4,0.2,0.3,0.1,0.2,0.472,0.0,0.96,4.0,2.8,6.8,0.4,0.6,0.6,0.6,,,,,,,,,,,101138,Brandon Bass
234,2008-09,0.496,0.0,0.867,1.6,2.9,4.5,0.5,1.1,0.3,0.7,0.456,0.0,0.852,0.7,1.3,1.9,0.3,0.4,0.1,0.3,0.55,0.0,0.903,1.3,2.8,4.1,0.7,0.4,0.7,0.4,,,,,,,,,,,101138,Brandon Bass
235,2009-10,0.511,0.0,0.825,1.1,1.5,2.5,0.4,0.6,0.2,0.5,0.515,0.0,0.792,0.5,0.7,1.2,0.2,0.5,0.1,0.2,0.538,0.0,0.833,0.3,0.9,1.1,0.1,0.1,0.0,0.0,,,,,,,,,,,101138,Brandon Bass
236,2010-11,0.515,0.0,0.815,1.8,3.8,5.6,0.8,1.3,0.4,0.7,0.471,0.0,0.8,0.4,0.9,1.2,0.2,0.4,0.0,0.1,0.421,0.0,0.923,2.0,2.2,4.2,0.3,1.2,0.5,0.8,,,,,,,,,,,101138,Brandon Bass
237,2011-12,0.479,0.0,0.81,1.6,4.6,6.2,0.9,1.1,0.6,0.9,0.487,0.0,0.791,0.5,1.1,1.6,0.3,0.3,0.1,0.2,0.463,0.0,0.922,1.3,4.0,5.3,0.8,0.8,0.7,0.5,,,,,,,,,,,101138,Brandon Bass
238,2012-13,0.486,0.0,0.86,1.6,3.7,5.2,1.0,1.0,0.5,0.8,0.494,0.0,0.893,0.4,0.6,1.0,0.2,0.2,0.1,0.2,0.483,0.0,0.8,1.3,5.3,6.7,1.2,0.8,0.3,0.2,,,,,,,,,,,101138,Brandon Bass
239,2013-14,0.486,0.333,0.858,2.0,3.8,5.7,1.1,1.2,0.4,0.9,0.417,0.0,0.796,0.5,0.8,1.2,0.2,0.3,0.1,0.3,,,,,,,,,,,,,,,,,,,,,101138,Brandon Bass
240,2014-15,0.504,0.281,0.79,1.7,3.2,4.9,1.3,1.0,0.5,0.4,0.549,0.375,0.821,0.3,0.8,1.2,0.3,0.3,0.2,0.2,0.35,0.0,0.6,0.8,1.3,2.0,2.5,0.8,0.3,0.8,0.364,0.0,0.0,0.0,0.0,0.1,0.0,0.0,0.0,0.0,101138,Brandon Bass
241,2015-16,0.549,0.0,0.845,1.6,2.7,4.3,1.1,0.6,0.5,0.8,0.561,0.0,0.862,0.5,1.1,1.6,0.4,0.3,0.3,0.4,,,,,,,,,,,0.382,0.0,0.5,0.1,0.1,0.1,0.0,0.0,0.0,0.0,101138,Brandon Bass
242,2016-17,0.575,0.333,0.875,0.8,1.7,2.5,0.4,0.6,0.3,0.2,0.579,0.0,0.932,0.4,0.9,1.4,0.3,0.3,0.2,0.2,0.333,0.0,0.0,1.0,0.0,1.0,0.0,0.0,1.0,0.0,0.455,0.0,0.0,0.0,0.1,0.1,0.0,0.0,0.0,0.0,101138,Brandon Bass
243,2008-09,0.446,0.369,0.808,1.1,1.7,2.8,0.9,0.6,0.6,0.5,0.441,0.455,0.5,0.2,0.4,0.5,0.1,0.1,0.2,0.0,0.556,0.5,0.0,0.2,0.3,0.5,0.2,0.5,0.2,0.3,,,,,,,,,,,201587,Nicolas Batum
244,2009-10,0.519,0.409,0.843,0.9,2.9,3.8,1.2,0.7,0.6,0.7,0.383,0.243,0.692,0.2,0.9,1.1,0.3,0.2,0.2,0.2,0.459,0.429,0.75,0.7,2.5,3.2,0.8,0.7,0.3,0.0,,,,,,,,,,,201587,Nicolas Batum
245,2010-11,0.455,0.345,0.841,1.4,3.2,4.5,1.5,1.0,0.9,0.6,0.412,0.365,0.829,0.3,0.9,1.2,0.3,0.1,0.1,0.1,0.413,0.269,0.75,0.2,1.5,1.7,1.3,1.2,0.8,0.8,,,,,,,,,,,201587,Nicolas Batum
246,2011-12,0.451,0.391,0.836,1.4,3.2,4.6,1.4,1.5,1.0,1.0,0.421,0.394,0.75,0.3,1.0,1.4,0.3,0.3,0.3,0.3,,,,,,,,,,,,,,,,,,,,,201587,Nicolas Batum
247,2012-13,0.423,0.372,0.848,1.3,4.3,5.6,4.9,2.6,1.2,1.1,0.374,0.314,0.815,0.3,1.5,1.8,1.1,0.5,0.2,0.3,,,,,,,,,,,,,,,,,,,,,201587,Nicolas Batum
248,2013-14,0.465,0.361,0.803,1.4,6.0,7.5,5.1,2.5,0.9,0.7,0.38,0.297,0.766,0.4,1.4,1.8,0.8,0.4,0.2,0.2,0.472,0.35,0.8,0.9,6.7,7.6,4.8,2.5,1.4,0.5,,,,,,,,,,,201587,Nicolas Batum
249,2014-15,0.4,0.324,0.857,0.9,5.0,5.9,4.8,1.9,1.1,0.6,0.384,0.379,0.885,0.2,1.4,1.6,1.0,0.2,0.2,0.2,0.343,0.333,0.769,1.2,7.4,8.6,5.2,2.4,0.2,0.2,0.292,0.3,0.0,0.0,0.1,0.1,0.3,0.1,0.0,0.1,201587,Nicolas Batum
250,2015-16,0.426,0.348,0.849,0.8,5.3,6.1,5.8,2.9,0.9,0.6,0.364,0.256,0.848,0.2,1.3,1.5,0.9,0.5,0.1,0.1,0.378,0.273,0.85,0.4,3.2,3.6,2.0,1.6,0.4,0.0,0.25,0.13,0.0,0.1,0.2,0.3,0.3,0.0,0.1,0.0,201587,Nicolas Batum
251,2016-17,0.403,0.333,0.856,0.6,5.6,6.2,5.9,2.5,1.1,0.4,0.318,0.3,0.875,0.1,1.3,1.5,1.2,0.4,0.2,0.2,,,,,,,,,,,0.235,0.235,0.0,0.1,0.1,0.2,0.2,0.0,0.0,0.0,201587,Nicolas Batum
252,2008-09,0.365,0.259,0.806,0.2,0.9,1.1,1.5,1.1,0.3,0.0,0.373,0.25,0.771,0.1,0.5,0.6,0.8,0.6,0.1,0.0,0.333,0.0,0.667,0.0,0.5,0.5,0.0,0.5,0.0,0.5,,,,,,,,,,,201573,Jerryd Bayless
253,2009-10,0.414,0.315,0.831,0.2,1.4,1.6,2.3,1.3,0.4,0.1,0.415,0.333,0.782,0.1,0.6,0.7,1.0,0.5,0.1,0.0,0.431,0.4,0.792,0.7,2.0,2.7,3.8,1.3,0.3,0.0,,,,,,,,,,,201573,Jerryd Bayless
254,2010-11,0.3993333333333333,0.2993333333333333,0.7936666666666667,0.3333333333333333,1.7666666666666666,2.0666666666666664,3.4,1.7,0.43333333333333335,0.10000000000000002,0.486,0.22466666666666668,0.8196666666666667,0.06666666666666667,0.5333333333333333,0.6,1.1666666666666667,0.4666666666666666,0.16666666666666666,0.10000000000000002,,,,,,,,,,,,,,,,,,,,,201573,Jerryd Bayless
255,2011-12,0.424,0.423,0.852,0.3,1.9,2.1,3.8,1.7,0.8,0.1,0.424,0.517,0.895,0.1,0.9,1.0,1.2,0.5,0.2,0.0,,,,,,,,,,,,,,,,,,,,,201573,Jerryd Bayless
256,2012-13,0.419,0.353,0.836,0.3,1.9,2.2,3.3,1.5,0.7,0.2,0.407,0.391,0.763,0.1,0.7,0.8,1.2,0.4,0.3,0.1,0.358,0.305,0.885,0.1,1.9,2.0,2.1,1.1,0.5,0.3,,,,,,,,,,,201573,Jerryd Bayless
257,2013-14,0.399,0.35133333333333333,0.7963333333333334,0.3,1.7,2.0,2.6333333333333333,1.0999999999999999,0.7999999999999999,0.13333333333333333,0.4843333333333333,0.4163333333333334,0.7360000000000001,0.13333333333333333,0.3666666666666667,0.5,0.7666666666666666,0.3666666666666667,0.3,0.10000000000000002,,,,,,,,,,,,,,,,,,,,,201573,Jerryd Bayless
258,2014-15,0.426,0.308,0.883,0.3,2.5,2.7,3.0,1.7,0.8,0.2,0.414,0.226,0.818,0.1,0.9,1.1,0.9,0.5,0.2,0.1,0.343,0.286,0.765,0.7,1.8,2.5,3.0,0.7,0.3,0.3,0.29,0.273,0.0,0.0,0.1,0.1,0.2,0.1,0.0,0.0,201573,Jerryd Bayless
259,2015-16,0.423,0.437,0.778,0.4,2.3,2.7,3.1,1.4,0.9,0.2,0.449,0.444,0.829,0.2,0.8,1.0,0.8,0.4,0.4,0.1,,,,,,,,,,,0.372,0.5,0.5,0.0,0.1,0.1,0.2,0.1,0.0,0.0,201573,Jerryd Bayless
260,2016-17,0.344,0.4,0.9,1.0,3.0,4.0,4.3,3.0,0.0,0.0,0.143,0.0,1.0,0.3,0.3,0.7,0.7,0.7,0.0,0.0,,,,,,,,,,,0.25,0.5,0.0,0.0,0.0,0.0,0.3,0.3,0.0,0.0,201573,Jerryd Bayless
261,2012-13,0.5,0.0,0.583,0.8,1.3,2.0,0.3,0.7,0.1,0.4,0.571,0.0,0.571,0.3,0.6,0.9,0.2,0.4,0.1,0.3,0.571,0.0,0.0,0.5,0.8,1.3,0.0,0.3,0.0,0.0,,,,,,,,,,,203382,Aron Baynes
262,2013-14,0.436,0.0,0.905,1.1,1.7,2.7,0.6,0.7,0.0,0.1,0.4,0.0,1.0,0.4,0.9,1.3,0.3,0.3,0.0,0.1,0.5,0.0,0.8,0.9,1.4,2.2,0.0,0.5,0.2,0.0,,,,,,,,,,,203382,Aron Baynes
263,2014-15,0.566,0.25,0.865,1.6,3.0,4.5,0.5,0.9,0.2,0.3,0.559,0.5,0.815,0.5,0.8,1.3,0.2,0.4,0.0,0.1,0.3,0.0,1.0,0.8,1.8,2.5,0.3,0.8,0.0,0.0,0.619,0.5,0.0,0.0,0.1,0.1,0.0,0.0,0.0,0.0,203382,Aron Baynes
264,2015-16,0.505,0.0,0.764,1.7,3.0,4.7,0.6,0.8,0.3,0.6,0.571,0.0,0.763,0.8,1.2,2.0,0.3,0.2,0.1,0.2,0.444,0.0,0.667,0.8,1.3,2.0,0.5,0.8,0.0,0.0,0.5,0.0,0.0,0.0,0.1,0.1,0.0,0.0,0.0,0.0,203382,Aron Baynes
265,2016-17,0.513,0.0,0.84,1.5,3.0,4.4,0.4,0.7,0.2,0.5,0.512,0.0,0.824,0.6,1.0,1.7,0.2,0.3,0.1,0.2,,,,,,,,,,,0.7,0.0,1.0,0.0,0.1,0.2,0.0,0.0,0.0,0.1,203382,Aron Baynes
266,2012-13,0.371,0.294,0.614,0.1,0.3,0.4,0.4,0.3,0.3,0.1,0.369,0.28,0.632,0.1,0.1,0.2,0.3,0.2,0.2,0.0,0.125,0.0,0.0,0.1,0.4,0.6,0.2,0.2,0.1,0.0,,,,,,,,,,,203145,Kent Bazemore
267,2013-14,0.417,0.321,0.5926666666666667,0.13333333333333333,1.8333333333333333,1.9666666666666668,1.6666666666666667,1.3333333333333333,0.7333333333333333,0.19999999999999998,0.4406666666666667,0.347,0.734,0.03333333333333333,0.6333333333333333,0.7000000000000001,0.6333333333333333,0.4666666666666666,0.46666666666666673,0.10000000000000002,,,,,,,,,,,,,,,,,,,,,203145,Kent Bazemore
268,2014-15,0.426,0.364,0.6,0.3,2.7,3.0,1.0,1.0,0.7,0.4,0.449,0.375,0.639,0.1,1.1,1.1,0.4,0.3,0.2,0.1,0.423,0.214,0.677,0.2,3.1,3.3,0.8,0.7,0.7,0.6,0.37,0.333,0.0,0.0,0.1,0.1,0.1,0.0,0.0,0.0,203145,Kent Bazemore
269,2015-16,0.441,0.357,0.815,0.4,4.7,5.1,2.3,1.8,1.3,0.5,0.421,0.306,0.779,0.2,1.2,1.4,0.6,0.5,0.3,0.1,0.364,0.262,0.682,0.8,5.8,6.6,1.9,1.0,1.5,0.6,0.391,0.368,0.0,0.0,0.1,0.2,0.1,0.2,0.0,0.0,203145,Kent Bazemore
270,2016-17,0.409,0.346,0.708,0.6,2.5,3.2,2.4,1.7,1.2,0.7,0.371,0.375,0.673,0.2,0.7,0.9,0.6,0.4,0.2,0.2,0.396,0.292,0.714,0.7,3.2,3.8,3.3,2.7,0.7,0.8,0.256,0.077,1.0,0.0,0.0,0.1,0.1,0.0,0.0,0.1,203145,Kent Bazemore
271,2012-13,0.41,0.386,0.786,0.8,3.0,3.8,2.4,1.6,0.9,0.5,0.317,0.328,0.714,0.2,0.8,1.1,0.4,0.3,0.2,0.1,,,,,,,,,,,,,,,,,,,,,203078,Bradley Beal
272,2013-14,0.419,0.402,0.788,0.7,3.0,3.7,3.3,1.8,1.0,0.2,0.41,0.333,0.782,0.2,1.0,1.2,0.8,0.6,0.3,0.1,0.424,0.415,0.796,1.4,3.6,5.0,4.5,2.1,1.6,0.6,,,,,,,,,,,203078,Bradley Beal
273,2014-15,0.427,0.409,0.783,0.9,2.9,3.8,3.1,2.0,1.2,0.3,0.36,0.273,0.746,0.3,0.8,1.1,0.7,0.5,0.2,0.1,0.405,0.365,0.831,1.4,4.1,5.5,4.6,2.6,1.6,0.7,0.314,0.308,0.0,0.0,0.1,0.1,0.1,0.0,0.0,0.0,203078,Bradley Beal
274,2015-16,0.449,0.387,0.767,0.7,2.7,3.4,2.9,2.0,1.0,0.2,0.454,0.321,0.746,0.2,0.8,1.0,0.6,0.6,0.3,0.0,,,,,,,,,,,0.453,0.357,1.0,0.0,0.1,0.1,0.1,0.0,0.1,0.0,203078,Bradley Beal
275,2016-17,0.482,0.404,0.825,0.7,2.4,3.1,3.5,2.0,1.1,0.3,0.481,0.371,0.826,0.2,0.7,0.9,0.8,0.5,0.2,0.1,0.471,0.287,0.82,1.2,2.2,3.4,2.7,2.1,1.6,0.6,0.329,0.185,1.0,0.0,0.0,0.0,0.2,0.0,0.1,0.0,203078,Bradley Beal
276,2016-17,0.452,0.321,0.8,0.2,0.5,0.8,0.5,0.4,0.3,0.0,0.439,0.231,0.75,0.2,0.5,0.6,0.4,0.3,0.3,0.0,,,,,,,,,,,0.0,0.0,0.0,0.0,0.0,0.0,0.0,0.0,0.1,0.0,1627736,Malik Beasley
277,2008-09,0.472,0.407,0.772,1.4,4.1,5.4,1.0,1.5,0.5,0.5,0.504,0.407,0.746,0.4,1.0,1.4,0.4,0.5,0.2,0.1,0.386,0.308,0.765,1.4,5.9,7.3,1.0,1.6,0.3,1.0,,,,,,,,,,,201563,Michael Beasley
278,2009-10,0.45,0.275,0.8,1.6,4.8,6.4,1.3,1.7,1.0,0.6,0.395,0.257,0.875,0.4,0.9,1.3,0.4,0.5,0.2,0.1,0.449,0.5,0.778,2.0,3.8,5.8,0.6,2.6,0.8,0.0,,,,,,,,,,,201563,Michael Beasley
279,2010-11,0.45,0.366,0.753,1.6,4.0,5.6,2.2,2.7,0.7,0.7,0.427,0.295,0.732,0.6,1.0,1.6,0.4,0.8,0.2,0.2,,,,,,,,,,,,,,,,,,,,,201563,Michael Beasley
280,2011-12,0.445,0.376,0.642,0.8,3.6,4.4,1.0,1.7,0.4,0.4,0.451,0.303,0.632,0.4,1.3,1.7,0.3,0.6,0.2,0.2,,,,,,,,,,,,,,,,,,,,,201563,Michael Beasley
281,2012-13,0.405,0.313,0.746,0.7,3.1,3.8,1.5,1.9,0.4,0.5,0.363,0.265,0.711,0.3,1.1,1.4,0.5,0.5,0.1,0.2,,,,,,,,,,,,,,,,,,,,,201563,Michael Beasley
282,2013-14,0.499,0.389,0.772,0.6,2.6,3.1,0.8,1.0,0.4,0.4,0.504,0.4,0.767,0.3,1.2,1.5,0.4,0.6,0.3,0.1,0.5,0.0,0.333,0.5,0.5,1.0,0.5,0.3,0.0,0.0,,,,,,,,,,,201563,Michael Beasley
283,2014-15,0.434,0.235,0.769,0.5,3.2,3.7,1.3,1.5,0.6,0.5,0.444,0.118,0.929,0.3,1.3,1.5,0.3,0.5,0.2,0.2,,,,,,,,,,,0.25,0.0,0.0,0.0,0.1,0.1,0.0,0.1,0.0,0.0,201563,Michael Beasley
284,2015-16,0.522,0.333,0.776,1.5,3.5,4.9,0.8,1.2,0.6,0.5,0.544,0.0,0.769,0.5,1.4,1.9,0.3,0.6,0.0,0.0,0.478,0.333,0.857,0.8,3.4,4.2,0.6,1.4,0.2,0.0,0.417,0.0,0.0,0.0,0.2,0.2,0.1,0.0,0.1,0.1,201563,Michael Beasley
285,2016-17,0.532,0.419,0.743,0.7,2.7,3.4,0.9,1.2,0.5,0.5,0.522,0.5,0.739,0.3,0.7,1.0,0.3,0.4,0.2,0.2,0.35,0.6,0.0,0.5,1.8,2.3,0.3,0.5,0.3,0.3,0.4,0.0,1.0,0.0,0.1,0.1,0.1,0.0,0.0,0.0,201563,Michael Beasley
286,2007-08,0.387,0.39,0.778,0.1,0.3,0.4,0.5,0.4,0.2,0.0,0.396,0.533,0.833,0.0,0.2,0.2,0.2,0.2,0.1,0.0,,,,,,,,,,,,,,,,,,,,,201158,Marco Belinelli
287,2008-09,0.442,0.397,0.769,0.2,1.5,1.7,2.1,1.4,0.9,0.0,0.507,0.406,0.813,0.1,0.6,0.7,0.7,0.4,0.2,0.0,,,,,,,,,,,,,,,,,,,,,201158,Marco Belinelli
288,2009-10,0.406,0.38,0.835,0.2,1.2,1.4,1.3,0.9,0.6,0.1,0.415,0.426,0.8,0.1,0.6,0.7,0.5,0.5,0.3,0.1,,,,,,,,,,,,,,,,,,,,,201158,Marco Belinelli
289,2010-11,0.437,0.414,0.784,0.2,1.7,1.9,1.2,1.0,0.5,0.1,0.415,0.415,0.778,0.1,0.4,0.5,0.2,0.2,0.0,0.0,0.365,0.308,1.0,0.0,0.8,0.8,0.7,0.7,0.8,0.0,,,,,,,,,,,201158,Marco Belinelli
290,2011-12,0.417,0.377,0.783,0.3,2.3,2.6,1.5,1.0,0.7,0.1,0.419,0.348,0.727,0.1,0.6,0.7,0.3,0.3,0.1,0.0,,,,,,,,,,,,,,,,,,,,,201158,Marco Belinelli
291,2012-13,0.395,0.357,0.839,0.2,1.7,1.9,2.0,1.1,0.6,0.1,0.355,0.291,0.807,0.1,0.5,0.5,0.6,0.4,0.2,0.0,0.411,0.34,0.879,0.0,2.9,2.9,2.6,1.3,0.4,0.0,,,,,,,,,,,201158,Marco Belinelli
292,2013-14,0.485,0.43,0.847,0.2,2.6,2.8,2.2,1.2,0.6,0.1,0.505,0.438,0.864,0.1,0.8,0.8,0.6,0.3,0.2,0.0,0.444,0.421,0.955,0.2,2.1,2.3,0.8,0.5,0.1,0.0,,,,,,,,,,,201158,Marco Belinelli
293,2014-15,0.423,0.374,0.848,0.4,2.1,2.5,1.5,1.0,0.5,0.0,0.382,0.313,0.85,0.1,0.6,0.8,0.3,0.3,0.2,0.0,0.513,0.467,0.846,0.3,1.6,1.9,1.4,0.7,0.3,0.0,0.238,0.273,0.0,0.0,0.0,0.0,0.1,0.0,0.0,0.0,201158,Marco Belinelli
294,2015-16,0.386,0.306,0.833,0.1,1.6,1.7,1.9,1.2,0.5,0.0,0.436,0.364,0.811,0.1,0.5,0.6,0.7,0.4,0.2,0.0,,,,,,,,,,,0.256,0.308,0.0,0.0,0.0,0.0,0.1,0.0,0.0,0.0,201158,Marco Belinelli
295,2016-17,0.429,0.36,0.893,0.2,2.2,2.4,2.0,0.9,0.6,0.1,0.415,0.367,0.87,0.1,0.8,1.0,0.5,0.3,0.2,0.0,,,,,,,,,,,0.324,0.292,0.0,0.0,0.0,0.0,0.1,0.0,0.0,0.0,201158,Marco Belinelli
296,2016-17,0.48,0.056,0.375,0.4,1.2,1.6,0.7,0.4,0.2,0.1,0.45,0.0,0.385,0.2,0.7,0.9,0.5,0.3,0.1,0.1,,,,,,,,,,,0.143,0.0,0.0,0.0,0.2,0.2,0.0,0.0,0.0,0.0,1627761,DeAndre' Bembry
297,2016-17,0.354,0.277,0.364,0.5,1.9,2.4,0.5,0.7,0.2,0.5,0.359,0.24,0.167,0.1,0.8,0.9,0.3,0.2,0.1,0.1,,,,,,,,,,,0.167,0.25,0.0,0.0,0.1,0.1,0.1,0.0,0.0,0.0,1627733,Dragan Bender
298,2013-14,0.356,0.245,0.638,0.9,2.0,3.0,0.3,0.9,0.4,0.2,0.402,0.286,0.636,0.5,1.0,1.5,0.2,0.5,0.2,0.1,,,,,,,,,,,,,,,,,,,,,203461,Anthony Bennett
299,2014-15,0.421,0.304,0.641,0.9,2.9,3.8,0.8,0.6,0.5,0.3,0.434,0.5,0.533,0.3,1.1,1.5,0.3,0.2,0.2,0.1,,,,,,,,,,,0.4,0.0,0.0,0.0,0.0,0.1,0.1,0.0,0.0,0.0,203461,Anthony Bennett
300,2015-16,0.296,0.214,0.9,0.3,0.9,1.2,0.0,0.2,0.3,0.0,0.294,0.222,1.0,0.3,0.7,0.9,0.0,0.1,0.1,0.0,,,,,,,,,,,0.0,0.0,0.0,0.1,0.3,0.4,0.0,0.0,0.0,0.0,203461,Anthony Bennett
301,2016-17,0.413,0.271,0.722,1.1,2.3,3.4,0.5,0.5,0.2,0.1,0.488,0.3,0.7,0.5,1.1,1.6,0.4,0.2,0.2,0.1,,,,,,,,,,,0.0,0.0,0.0,0.0,0.1,0.1,0.0,0.0,0.0,0.0,203461,Anthony Bennett
302,2016-17,0.0,0.0,0.0,0.0,0.7,0.7,0.0,0.3,0.0,0.0,0.0,0.0,0.0,0.0,1.0,1.0,0.0,0.5,0.0,0.0,,,,,,,,,,,0.0,0.0,0.0,0.0,0.0,0.0,0.0,0.0,0.0,0.0,1627791,Ben Bentil
303,2016-17,0.44,0.399,0.824,0.3,1.1,1.5,0.7,0.5,0.3,0.4,0.394,0.377,0.875,0.1,0.6,0.8,0.4,0.3,0.2,0.3,0.444,0.4,0.667,0.4,1.2,1.5,0.2,0.5,0.2,0.3,0.35,0.25,0.0,0.0,0.1,0.1,0.1,0.0,0.0,0.0,202722,Davis Bertans
304,2012-13,0.418,0.375,0.829,1.1,1.6,2.7,2.9,1.1,0.9,0.5,0.375,0.361,0.852,0.3,0.4,0.7,1.2,0.5,0.5,0.2,0.431,0.333,1.0,1.8,3.7,5.5,2.8,1.0,1.2,0.7,,,,,,,,,,,201976,Patrick Beverley
305,2013-14,0.414,0.361,0.814,1.3,2.2,3.5,2.7,1.2,1.4,0.4,0.402,0.328,0.861,0.5,0.5,1.0,0.6,0.1,0.4,0.1,0.38,0.318,0.7,2.2,2.0,4.2,1.8,0.7,0.5,0.3,,,,,,,,,,,201976,Patrick Beverley
306,2014-15,0.383,0.356,0.75,1.2,3.0,4.2,3.4,1.5,1.1,0.4,0.363,0.32,0.778,0.3,0.7,1.1,0.7,0.3,0.2,0.1,,,,,,,,,,,0.309,0.344,0.0,0.0,0.2,0.2,0.1,0.1,0.0,0.1,201976,Patrick Beverley
307,2015-16,0.434,0.4,0.682,1.0,2.5,3.5,3.4,1.3,1.3,0.4,0.455,0.431,0.658,0.3,0.7,1.0,0.7,0.3,0.3,0.1,0.27,0.214,1.0,0.8,3.6,4.4,2.2,0.8,0.4,0.4,0.414,0.457,0.0,0.1,0.1,0.2,0.2,0.1,0.1,0.0,201976,Patrick Beverley
308,2016-17,0.42,0.382,0.768,1.4,4.4,5.9,4.2,1.5,1.5,0.4,0.413,0.348,0.719,0.5,1.3,1.8,1.4,0.4,0.3,0.1,0.413,0.404,0.786,1.9,3.6,5.5,3.0,1.6,1.5,0.2,0.286,0.286,0.0,0.1,0.1,0.2,0.1,0.1,0.0,0.0,201976,Patrick Beverley
309,2011-12,0.464,0.0,0.483,1.8,4.0,5.8,0.4,1.1,0.3,1.8,0.458,0.0,0.457,0.7,1.4,2.1,0.2,0.3,0.2,0.4,,,,,,,,,,,,,,,,,,,,,202687,Bismack Biyombo
310,2012-13,0.451,0.0,0.521,2.4,4.9,7.3,0.4,1.0,0.4,1.8,0.514,0.0,0.528,0.7,1.3,2.0,0.1,0.4,0.1,0.5,,,,,,,,,,,,,,,,,,,,,202687,Bismack Biyombo
311,2013-14,0.611,0.0,0.517,1.4,3.4,4.8,0.1,0.5,0.1,1.1,0.525,0.0,0.655,0.5,1.1,1.5,0.0,0.2,0.0,0.5,0.6,0.0,0.333,1.7,2.0,3.7,0.3,0.0,0.0,0.7,,,,,,,,,,,202687,Bismack Biyombo
312,2014-15,0.543,0.0,0.583,2.5,3.9,6.4,0.3,0.8,0.3,1.5,0.429,0.0,0.537,0.5,1.1,1.6,0.1,0.2,0.1,0.4,,,,,,,,,,,0.364,0.0,0.0,0.1,0.1,0.1,0.0,0.1,0.0,0.1,202687,Bismack Biyombo
313,2015-16,0.542,0.0,0.628,2.2,5.8,8.0,0.4,0.9,0.2,1.6,0.522,0.0,0.636,0.6,1.6,2.2,0.1,0.3,0.1,0.5,0.58,0.0,0.597,2.7,6.7,9.4,0.4,1.1,0.4,1.4,0.364,0.0,0.0,0.1,0.1,0.2,0.0,0.0,0.0,0.0,202687,Bismack Biyombo
314,2016-17,0.528,0.0,0.534,1.9,5.1,7.0,0.9,1.2,0.3,1.1,0.533,0.0,0.583,0.5,1.5,2.1,0.3,0.3,0.1,0.3,,,,,,,,,,,0.25,0.0,0.0,0.1,0.2,0.3,0.0,0.1,0.0,0.1,202687,Bismack Biyombo
315,2015-16,0.468,0.384,0.727,0.8,2.7,3.5,1.4,0.8,0.4,0.4,0.539,0.463,0.75,0.2,1.2,1.5,0.6,0.3,0.2,0.2,,,,,,,,,,,0.263,0.143,0.0,0.0,0.1,0.1,0.1,0.1,0.0,0.1,202357,Nemanja Bjelica
316,2016-17,0.424,0.316,0.738,0.9,2.9,3.8,1.2,0.9,0.6,0.3,0.416,0.323,0.909,0.3,1.0,1.3,0.5,0.3,0.2,0.1,,,,,,,,,,,0.483,0.111,0.0,0.0,0.1,0.1,0.0,0.1,0.0,0.0,202357,Nemanja Bjelica
317,2014-15,0.5686666666666667,0.0,0.5433333333333333,2.2666666666666666,3.5,5.733333333333333,0.6333333333333334,0.8000000000000002,0.26666666666666666,0.3666666666666667,0.7159999999999999,0.0,0.573,0.43333333333333335,1.0333333333333334,1.4666666666666668,0.06666666666666667,0.26666666666666666,0.10000000000000002,0.06666666666666667,,,,,,,,,,,0.40599999999999997,0.0,0.0,0.10000000000000002,0.10000000000000002,0.16666666666666666,0.0,0.0,0.0,0.03333333333333333,204028,Tarik Black
318,2015-16,0.548,0.0,0.422,1.1,2.9,4.0,0.4,0.6,0.4,0.5,0.538,0.0,0.438,0.3,1.6,1.9,0.2,0.2,0.3,0.3,,,,,,,,,,,0.6,0.0,0.0,0.0,0.0,0.0,0.1,0.1,0.0,0.0,204028,Tarik Black
319,2016-17,0.51,0.5,0.752,2.1,3.0,5.1,0.6,0.9,0.4,0.7,0.566,0.5,0.828,0.4,1.2,1.6,0.3,0.3,0.2,0.2,,,,,,,,,,,0.556,0.5,1.0,0.0,0.0,0.1,0.0,0.0,0.0,0.0,204028,Tarik Black
